vehicle_id,reservation_type
208,1
601,3
993,1
423,2
685,3
429,1
817,2
637,1
335,3
140,3
269,2
155,3
1,1
448,3
421,2
396,2
417,3
441,1
229,2
421,3
396,1
417,2
441,1
229,1
301,2
126,3
964,1
866,2
75,1
933,2
828,3
263,2
621,1
192,1
520,1
43,1
145,3
891,3
425,1
215,2
451,1
862,1
984,2
242,2
268,1
950,3
789,2
696,2
759,1
552,1
91,1
686,2
375,1
676,1
134,1
781,1
986,3
292,3
618,2
477,1
23,3
254,1
341,1
374,1
37,3
733,1
282,3
217,3
512,1
956,1
990,1
511,1
645,1
534,3
938,2
900,3
201,3
321,2
723,1
807,2
437,1
709,1
849,3
211,1
297,2
922,2
514,2
181,3
21,1
99,3
893,1
136,1
753,2
156,1
677,1
231,3
48,1
779,1
603,2
918,3
627,1
39,1
614,1
408,3
853,1
947,1
9,1
402,1
576,2
569,2
843,3
325,2
595,1
225,3
265,3
339,2
904,1
62,1
132,1
306,2
764,1
328,3
754,3
934,1
88,2
994,3
22,1
481,2
183,1
383,1
881,1
70,1
199,1
869,3
450,3
961,3
968,1
960,2
290,1
397,1
898,2
51,1
256,1
106,1
93,1
651,3
617,1
648,2
66,1
28,1
232,1
77,3
178,3
345,1
937,2
582,1
247,1
483,2
690,3
301,3
126,3
964,2
866,1
75,1
933,1
828,3
263,1
621,1
192,1
520,2
43,1
145,3
891,1
425,1
215,1
451,3
862,1
984,2
242,3
268,1
950,1
789,2
696,1
759,1
552,3
91,2
686,1
375,3
676,3
134,1
781,1
986,2
292,3
618,1
477,1
23,2
254,3
341,1
374,3
37,1
733,3
282,1
217,1
512,1
956,1
990,1
511,1
645,2
534,2
938,1
900,1
201,1
321,2
723,1
807,1
437,1
709,1
849,1
211,2
297,2
922,1
514,1
181,1
21,1
99,3
893,1
136,1
753,1
156,2
677,2
231,1
48,1
779,2
603,1
918,2
627,2
39,3
614,3
408,1
853,3
947,1
9,1
402,1
576,2
569,1
843,1
325,2
595,3
225,1
265,2
339,2
904,1
62,1
132,2
306,1
764,1
328,1
754,2
934,1
88,2
994,3
22,2
481,3
183,2
383,2
881,3
70,2
199,3
869,3
450,1
961,3
968,2
960,1
290,1
397,2
898,1
51,1
256,1
106,2
93,1
651,3
617,1
648,1
66,2
28,2
232,1
77,1
178,1
345,1
937,1
582,1
247,3
483,1
690,2
301,2
126,1
964,1
866,1
75,1
933,3
828,1
263,2
621,2
192,1
520,3
43,1
145,1
891,1
425,2
215,3
451,3
862,1
984,3
242,2
268,1
950,1
789,1
696,1
759,1
552,3
91,3
686,1
375,2
676,1
134,1
781,3
986,3
292,1
618,3
477,1
23,2
254,1
341,2
374,2
37,2
733,3
282,1
217,2
512,3
956,3
990,2
511,3
645,1
534,1
938,3
900,1
201,2
321,1
723,1
807,3
437,3
709,2
849,1
211,3
297,2
922,1
514,1
181,1
21,3
99,1
893,1
136,1
753,2
156,2
677,2
231,2
48,2
779,3
603,1
918,1
627,1
39,3
614,1
408,2
853,1
947,1
9,1
402,1
576,1
569,2
843,2
325,2
595,1
225,3
265,1
339,1
904,3
62,1
132,2
306,2
764,3
328,1
754,1
934,1
88,3
994,2
22,3
481,1
183,2
383,1
881,1
70,1
199,1
869,3
450,1
961,3
968,1
960,1
290,2
397,1
898,1
51,2
256,2
106,2
93,1
651,1
617,1
648,1
66,2
28,3
232,2
77,3
178,1
345,3
937,3
582,1
247,3
483,1
690,1
215,2
451,2
862,2
984,1
242,3
268,3
950,2
789,2
696,2
759,2
552,1
91,3
686,1
375,3
676,3
134,2
781,1
986,1
292,1
618,3
477,3
23,3
254,1
341,2
374,1
37,1
733,1
282,2
217,2
512,1
956,1
990,2
511,1
645,1
534,1
938,2
900,2
201,1
321,1
723,2
807,3
437,1
709,1
849,2
211,1
297,1
922,1
514,1
181,3
21,2
99,3
893,3
136,3
753,3
156,1
677,2
231,2
48,2
779,3
603,3
918,1
627,1
39,3
614,2
408,1
853,1
947,2
9,1
402,2
576,2
569,1
843,3
325,1
595,1
225,3
265,3
339,3
904,3
62,2
132,1
306,3
764,1
328,1
754,2
934,1
88,1
994,2
22,3
481,1
183,3
383,1
881,1
70,1
199,1
869,1
450,2
961,3
968,1
960,2
290,1
397,1
898,1
51,1
256,3
106,1
93,1
651,2
617,2
648,2
66,3
28,2
232,1
77,2
178,2
345,2
937,1
582,3
247,1
483,2
690,1
950,1
789,1
696,1
759,2
552,1
91,1
686,1
375,2
676,1
134,2
781,1
986,3
292,1
618,1
477,1
23,1
254,1
341,1
374,1
37,2
733,3
282,2
217,3
512,3
956,1
990,1
511,2
645,2
534,2
938,3
900,1
201,1
321,1
723,1
807,2
437,3
709,1
849,3
211,2
297,1
922,1
514,2
181,3
21,1
99,3
893,2
136,3
753,3
156,1
677,3
231,1
48,1
779,1
603,2
918,1
627,1
39,1
614,1
408,1
853,2
947,2
9,1
402,1
576,2
569,3
843,3
325,3
595,3
225,2
265,3
339,2
904,1
62,3
132,1
306,1
764,2
328,1
754,1
934,1
88,3
994,3
22,3
481,3
183,2
383,3
881,2
70,3
199,1
869,1
450,1
961,1
968,1
960,3
290,3
397,3
898,1
51,1
256,1
106,2
93,1
651,2
617,2
648,1
66,3
28,2
232,2
77,2
178,1
345,1
937,3
582,1
247,3
483,3
690,1
254,2
341,2
374,3
37,1
733,1
282,3
217,2
512,1
956,1
990,1
511,3
645,1
534,1
938,1
900,1
201,1
321,3
723,2
807,2
437,3
709,1
849,3
211,1
297,3
922,1
514,1
181,2
21,1
99,3
893,3
136,1
753,1
156,3
677,1
231,2
48,3
779,3
603,1
918,1
627,2
39,2
614,2
408,2
853,3
947,1
9,1
402,3
576,1
569,2
843,1
325,1
595,1
225,1
265,1
339,2
904,1
62,2
132,1
306,1
764,2
328,2
754,1
934,2
88,2
994,1
22,1
481,2
183,3
383,3
881,3
70,1
199,1
869,3
450,1
961,3
968,2
960,3
290,3
397,2
898,1
51,1
256,3
106,1
93,3
651,1
617,1
648,3
66,3
28,1
232,2
77,1
178,3
345,3
937,3
582,3
247,1
483,3
690,1
512,3
956,3
990,1
511,1
645,2
534,1
938,2
900,1
201,1
321,2
723,3
807,1
437,2
709,1
849,3
211,1
297,1
922,1
514,3
181,1
21,2
99,2
893,3
136,3
753,1
156,1
677,2
231,2
48,3
779,1
603,1
918,1
627,1
39,2
614,1
408,1
853,1
947,1
9,2
402,2
576,2
569,1
843,1
325,2
595,2
225,3
265,1
339,2
904,1
62,1
132,2
306,2
764,1
328,1
754,2
934,1
88,1
994,1
22,1
481,1
183,1
383,1
881,1
70,3
199,2
869,3
450,1
961,1
968,3
960,3
290,1
397,1
898,3
51,1
256,3
106,3
93,1
651,3
617,2
648,2
66,3
28,1
232,3
77,1
178,3
345,1
937,1
582,2
247,1
483,3
690,2
201,3
321,3
723,2
807,3
437,1
709,1
849,1
211,3
297,1
922,3
514,1
181,2
21,1
99,1
893,3
136,2
753,1
156,3
677,1
231,3
48,2
779,3
603,2
918,1
627,2
39,2
614,3
408,1
853,1
947,3
9,3
402,1
576,3
569,2
843,3
325,1
595,3
225,1
265,1
339,1
904,2
62,3
132,1
306,1
764,3
328,1
754,3
934,1
88,1
994,1
22,3
481,3
183,3
383,1
881,1
70,3
199,1
869,2
450,3
961,1
968,1
960,2
290,1
397,2
898,3
51,3
256,1
106,1
93,2
651,2
617,1
648,1
66,1
28,3
232,1
77,1
178,1
345,1
937,2
582,2
247,1
483,1
690,1
181,3
21,2
99,3
893,2
136,1
753,3
156,2
677,2
231,1
48,2
779,1
603,3
918,3
627,1
39,1
614,2
408,3
853,2
947,1
9,2
402,2
576,2
569,1
843,2
325,2
595,1
225,3
265,1
339,1
904,1
62,3
132,2
306,1
764,2
328,3
754,2
934,2
88,1
994,2
22,1
481,3
183,3
383,2
881,1
70,1
199,1
869,2
450,2
961,3
968,1
960,1
290,1
397,2
898,1
51,1
256,1
106,3
93,3
651,3
617,1
648,1
66,1
28,2
232,1
77,2
178,2
345,1
937,2
582,3
247,1
483,2
690,3
48,1
779,3
603,1
918,1
627,3
39,2
614,1
408,1
853,1
947,2
9,3
402,3
576,1
569,1
843,2
325,1
595,2
225,1
265,3
339,1
904,1
62,1
132,1
306,1
764,1
328,2
754,1
934,1
88,1
994,1
22,2
481,3
183,3
383,3
881,2
70,1
199,1
869,1
450,1
961,1
968,3
960,2
290,3
397,1
898,1
51,2
256,1
106,1
93,1
651,3
617,1
648,2
66,1
28,2
232,2
77,3
178,1
345,1
937,3
582,1
247,3
483,1
690,1
9,1
402,2
576,1
569,3
843,1
325,3
595,2
225,1
265,2
339,1
904,2
62,1
132,3
306,1
764,1
328,3
754,1
934,2
88,2
994,1
22,1
481,2
183,2
383,2
881,3
70,2
199,2
869,1
450,2
961,1
968,2
960,1
290,1
397,1
898,1
51,2
256,1
106,1
93,3
651,2
617,1
648,1
66,3
28,2
232,2
77,1
178,2
345,3
937,3
582,2
247,1
483,3
265,2
339,2
904,2
62,1
132,2
306,1
764,3
328,1
754,2
934,2
88,1
994,1
22,3
481,2
183,1
383,1
881,1
70,3
199,1
869,2
450,1
961,1
968,3
960,1
290,2
397,3
898,1
51,3
256,1
106,2
93,1
651,2
617,2
648,2
66,1
28,3
232,3
77,3
178,2
345,1
937,1
582,2
247,1
483,3
690,3
328,1
754,1
934,1
88,1
994,3
22,1
481,1
183,1
383,2
881,1
70,1
199,1
869,3
450,2
961,1
968,2
960,1
290,1
397,1
898,2
51,2
256,3
106,2
93,3
651,2
617,1
648,1
66,1
28,2
232,1
77,1
178,1
345,3
937,1
582,1
247,1
483,1
690,1
450,1
961,3
968,3
960,2
290,3
397,1
898,1
51,3
256,3
106,3
93,1
651,1
617,3
648,3
66,2
28,3
232,1
77,2
178,1
345,1
937,2
582,1
247,3
483,3
690,1
397,1
898,2
51,3
256,2
106,1
93,2
651,2
617,1
648,3
66,1
28,1
232,1
77,3
178,1
345,1
937,2
582,3
247,2
483,1
690,1
51,3
256,2
106,3
93,2
651,1
617,1
648,2
66,3
28,3
232,1
77,2
178,1
345,2
937,2
582,2
247,1
483,1
690,1
256,1
106,1
93,3
651,2
617,1
648,2
66,2
28,3
232,1
77,2
178,3
345,2
937,2
582,1
247,3
483,3
690,3
651,3
617,2
648,1
66,1
28,2
232,1
77,1
178,3
345,3
937,1
582,2
247,2
483,3
690,1
66,2
28,2
232,2
77,2
178,1
345,1
937,2
582,1
247,2
483,3
690,2
77,1
178,2
345,1
937,2
582,2
247,1
483,2
690,1
247,1
483,3
690,3
247,1
483,1
690,3
247,3
483,2
690,3
247,1
483,3
690,2
247,2
483,3
690,1
726,2
116,1
103,1
598,2
550,2
693,2
959,3
58,1
625,3
588,2
179,3
744,1
498,3
474,1
172,3
721,1
857,3
220,1
741,3
238,3
616,2
147,3
80,2
835,3
691,3
855,1
246,1
989,2
354,2
583,2
509,3
240,1
478,3
901,2
253,3
681,1
363,3
458,2
566,1
74,2
782,1
472,3
639,2
36,3
222,3
331,3
320,1
991,1
370,1
340,3
852,3
689,2
495,2
4,1
874,2
79,3
336,2
546,1
565,2
316,2
916,2
61,1
503,3
475,2
549,3
570,2
809,2
65,3
818,1
772,2
731,2
708,1
794,3
121,2
110,3
826,1
319,1
216,2
730,1
72,1
465,1
863,1
987,2
640,2
230,3
861,2
332,3
326,1
873,1
872,2
729,3
439,1
293,3
914,3
188,1
114,2
610,3
880,2
613,3
543,3
157,3
728,3
184,1
207,3
476,2
24,1
831,1
16,2
507,3
554,3
44,1
841,2
493,2
347,2
385,2
773,2
668,3
756,1
237,1
638,1
527,1
5,2
349,1
624,2
786,2
338,3
388,2
602,3
165,3
806,2
713,3
991,2
370,2
340,2
852,1
689,2
495,3
4,3
874,3
79,1
336,3
546,2
565,3
316,3
916,2
61,3
503,2
475,3
549,1
570,2
809,3
65,3
818,2
772,2
731,2
708,3
794,3
121,2
110,2
826,2
319,2
216,1
730,3
72,1
465,2
863,1
987,1
640,2
230,3
861,1
332,1
326,2
873,3
872,3
729,1
439,3
293,3
914,2
188,2
114,3
610,3
880,1
613,2
543,2
157,1
728,3
184,3
207,2
476,3
24,3
831,3
16,2
507,2
554,1
44,2
841,3
493,2
347,2
385,3
773,3
668,1
756,1
237,3
638,2
527,3
5,3
349,2
624,1
786,2
338,3
388,2
602,2
165,2
806,3
713,2
432,1
14,2
90,2
573,3
469,2
289,3
364,1
814,2
176,3
632,3
489,2
379,1
98,3
283,3
390,1
526,1
275,1
164,3
435,2
589,2
31,1
547,3
946,3
274,2
89,3
393,2
516,1
416,3
923,2
395,1
227,1
680,3
78,3
67,3
838,2
19,1
658,2
243,2
160,2
665,3
629,1
700,3
931,1
315,3
699,1
788,2
55,1
663,3
81,1
988,2
833,2
757,1
840,1
287,2
762,3
930,3
252,1
173,2
732,1
535,2
296,1
368,2
585,3
909,2
212,2
150,2
430,3
657,2
940,2
710,1
609,1
920,2
442,3
87,2
845,1
125,1
892,1
834,2
743,3
440,3
678,3
291,3
480,2
894,1
479,3
746,1
149,2
513,2
367,2
517,2
703,1
486,2
798,1
162,3
12,3
604,3
152,3
605,1
633,3
389,1
816,2
267,2
515,1
11,2
600,1
953,2
200,3
258,2
42,3
539,1
775,2
382,1
360,1
85,3
497,3
68,3
641,1
122,2
702,3
154,3
505,3
378,1
76,2
64,1
120,1
797,2
204,3
186,3
784,1
144,3
593,3
711,2
548,1
459,2
655,2
864,2
982,1
128,2
305,3
667,1
899,1
196,3
553,2
330,1
592,2
774,3
698,3
303,1
333,2
92,2
649,3
163,1
562,1
848,3
767,3
766,1
141,2
865,1
716,3
244,2
394,3
148,3
318,2
445,2
273,1
53,3
308,3
482,3
355,1
912,1
124,3
963,2
460,1
428,2
414,2
571,2
286,2
418,1
221,2
577,1
130,3
203,2
327,1
387,2
433,3
630,3
995,2
545,1
82,3
105,3
278,3
317,1
266,3
381,3
447,3
966,1
223,2
822,2
620,2
983,2
404,1
674,2
302,2
123,3
763,2
15,3
473,2
929,1
801,2
599,1
885,3
206,3
38,2
420,1
591,1
736,2
558,1
574,3
830,3
405,3
799,1
463,3
737,2
107,2
660,1
675,3
615,3
219,1
876,3
97,3
313,3
189,1
717,1
41,1
504,2
137,2
431,1
250,3
851,2
608,3
17,1
467,3
197,3
750,2
464,2
871,3
941,3
422,1
284,3
860,3
567,2
54,1
259,3
951,1
529,1
998,3
190,1
581,3
844,3
135,1
739,1
563,2
298,3
32,1
434,3
942,3
650,1
193,2
95,2
679,1
780,2
508,1
694,2
811,3
210,2
896,2
171,2
656,3
954,2
596,1
195,3
827,3
449,3
213,3
377,1
52,1
365,2
646,1
398,2
787,2
821,2
151,1
671,1
94,3
384,3
908,1
344,1
664,3
111,1
832,1
705,2
611,3
1000,2
169,3
409,1
412,3
867,2
557,3
166,2
796,3
586,3
805,3
2,1
510,3
371,1
628,1
60,1
257,2
276,2
829,1
928,3
139,1
457,3
850,2
18,1
910,2
233,1
985,1
747,2
406,1
559,2
967,2
735,1
34,1
769,2
133,3
561,3
129,3
288,3
443,2
530,1
666,2
285,1
544,3
688,1
825,2
578,3
280,3
205,1
362,2
356,2
820,2
323,3
261,1
49,3
386,1
612,1
532,1
84,3
40,2
748,1
353,3
887,1
369,3
249,1
264,3
888,1
177,1
102,2
572,1
695,3
965,3
311,1
453,1
768,2
519,2
622,3
555,1
83,2
777,1
742,1
194,1
976,3
358,2
8,3
980,2
722,1
802,1
281,2
300,1
907,2
366,3
712,2
175,1
115,2
350,3
837,3
541,2
410,1
494,3
471,2
935,3
352,3
484,3
304,1
29,1
979,2
446,2
981,1
727,3
436,2
470,3
310,2
525,1
500,1
185,3
870,2
719,3
836,2
659,2
270,2
187,3
643,1
226,2
109,3
752,2
10,1
260,2
100,1
997,3
411,1
647,1
245,3
795,2
631,2
913,2
957,2
846,1
575,2
202,3
999,3
236,1
468,1
403,1
490,3
927,3
462,2
158,3
619,3
725,2
262,3
936,3
673,3
506,2
718,1
858,3
485,2
584,2
376,1
46,3
108,2
119,2
424,1
127,3
96,1
594,2
906,3
167,2
35,2
949,2
884,1
915,3
71,1
501,1
540,2
47,1
57,3
73,3
159,1
348,3
842,3
30,2
415,3
407,2
932,1
977,3
25,1
917,1
606,1
56,1
153,3
312,3
536,3
948,2
778,1
413,3
551,1
751,2
684,2
642,2
926,2
138,2
745,1
224,2
218,2
952,2
883,1
146,3
715,3
307,2
20,3
392,2
653,1
808,2
248,3
466,2
351,3
770,3
401,2
542,1
556,1
279,1
824,1
522,1
890,3
975,3
924,1
228,2
776,3
692,1
359,2
882,1
839,2
496,3
792,2
939,3
652,2
847,3
740,2
878,1
142,2
978,1
380,2
661,2
791,2
180,3
877,2
113,1
277,3
491,1
531,1
26,1
701,3
958,1
921,2
697,3
970,1
118,1
6,2
897,2
235,1
804,1
426,2
50,3
131,2
971,2
299,1
456,1
707,2
810,1
518,3
182,3
962,3
314,1
521,3
492,1
714,2
234,1
294,3
626,2
670,1
27,1
919,1
636,3
399,2
391,2
813,3
720,1
749,3
117,2
724,2
800,3
889,3
662,3
790,1
372,3
568,3
669,3
623,3
295,1
533,2
63,2
419,3
3,2
455,3
734,1
69,2
704,2
324,1
564,1
191,1
59,1
943,1
251,2
174,3
343,2
524,3
996,1
427,3
854,2
607,2
499,2
634,2
271,2
812,3
687,2
432,2
14,2
90,1
573,1
469,3
289,3
364,3
814,2
176,1
632,3
489,3
379,3
98,1
283,2
390,1
526,2
275,3
164,1
435,2
589,1
31,3
547,1
946,2
274,1
89,3
393,3
516,3
416,3
923,1
395,2
227,1
680,3
78,1
67,2
838,1
19,2
658,2
243,2
160,3
665,3
629,1
700,2
931,1
315,3
699,1
788,2
55,3
663,3
81,2
988,1
833,3
757,2
840,2
287,2
762,1
930,1
252,2
173,3
732,1
535,1
296,3
368,2
585,3
909,1
212,3
150,1
430,2
657,2
940,2
710,2
609,3
920,1
442,1
87,1
845,2
125,3
892,2
834,2
743,2
440,1
678,1
291,3
480,1
894,3
479,3
746,1
149,2
513,3
367,1
517,1
703,3
486,2
798,2
162,3
12,1
604,1
152,2
605,2
633,1
389,3
816,2
267,3
515,1
11,3
600,3
953,2
200,1
258,1
42,2
539,3
775,1
382,2
360,2
85,3
497,1
68,3
641,3
122,1
702,2
154,3
505,2
378,1
76,2
64,3
120,3
797,3
204,1
186,2
784,3
144,3
593,2
711,3
548,2
459,3
655,1
864,2
982,3
128,2
305,2
667,3
899,3
196,2
553,2
330,1
592,2
774,2
698,3
303,2
333,3
92,3
649,3
163,1
562,1
848,2
767,2
766,2
141,1
865,2
716,1
244,3
394,2
148,2
318,1
445,2
273,2
53,3
308,3
482,1
355,1
912,3
124,1
963,1
460,3
428,2
414,3
571,1
286,2
418,3
221,2
577,1
130,2
203,3
327,2
387,3
433,1
630,1
995,3
545,2
82,3
105,1
278,2
317,1
266,3
381,2
447,3
966,3
223,3
822,1
620,1
983,1
404,2
674,1
302,3
123,1
763,1
15,1
473,3
929,3
801,1
599,2
885,2
206,1
38,1
420,2
591,1
736,1
558,2
574,3
830,2
405,2
799,3
463,1
737,2
107,1
660,1
675,2
615,3
219,3
876,1
97,2
313,2
189,3
717,3
41,2
504,3
137,3
431,3
250,3
851,2
608,3
17,3
467,1
197,2
750,2
464,1
871,2
941,3
422,2
284,1
860,1
567,2
54,1
259,2
951,1
529,1
998,1
190,2
581,2
844,3
135,2
739,1
563,3
298,1
32,3
434,1
942,2
650,1
193,3
95,3
679,2
780,2
508,1
694,2
811,1
210,3
896,1
171,2
656,1
954,1
596,2
195,2
827,1
449,3
213,3
377,1
52,1
365,3
646,1
398,1
787,2
821,2
151,2
671,2
94,2
384,1
908,3
344,3
664,1
111,3
832,2
705,2
611,2
1000,1
169,1
409,2
412,1
867,2
557,3
166,2
796,1
586,3
805,1
2,2
510,2
371,3
628,3
60,1
257,3
276,3
829,1
928,2
139,2
457,1
850,1
18,3
910,3
233,2
985,3
747,1
406,1
559,1
967,3
735,1
34,1
769,2
133,2
561,3
129,1
288,3
443,1
530,3
666,1
285,2
544,3
688,1
825,2
578,1
280,2
205,3
362,2
356,2
820,3
323,3
261,1
49,2
386,3
612,3
532,1
84,2
40,1
748,3
353,3
887,1
369,2
249,1
264,1
888,1
177,2
102,3
572,3
695,2
965,2
311,3
453,2
768,3
519,3
622,1
555,3
83,3
777,2
742,3
194,2
976,1
358,2
8,2
980,1
722,2
802,2
281,1
300,1
907,2
366,2
712,1
175,2
115,1
350,3
837,1
541,3
410,1
494,2
471,3
935,3
352,1
484,2
304,1
29,3
979,2
446,3
981,3
727,2
436,1
470,3
310,1
525,2
500,3
185,2
870,3
719,1
836,3
659,3
270,1
187,1
643,2
226,3
109,2
752,1
10,3
260,2
100,1
997,1
411,3
647,3
245,2
795,2
631,1
913,1
957,1
846,1
575,3
202,1
999,3
236,1
468,2
403,1
490,1
927,3
462,2
158,2
619,2
725,1
262,3
936,2
673,2
506,1
718,3
858,1
485,1
584,1
376,1
46,3
108,3
119,3
424,2
127,2
96,3
594,1
906,3
167,3
35,1
949,1
884,3
915,1
71,1
501,1
540,3
47,2
57,3
73,3
159,1
348,3
842,1
30,3
415,3
407,1
932,2
977,1
25,2
917,2
606,1
56,2
153,3
312,3
536,3
948,3
778,3
413,2
551,3
751,3
684,3
642,3
926,1
138,1
745,1
224,1
218,1
952,3
883,1
146,3
715,1
307,1
20,1
392,2
653,1
808,3
248,1
466,3
351,3
770,1
401,1
542,3
556,2
279,3
824,3
522,3
890,3
975,1
924,3
228,2
776,2
692,2
359,2
882,2
839,1
496,3
792,3
939,3
652,2
847,2
740,2
878,2
142,3
978,3
380,1
661,3
791,2
180,3
877,3
113,2
277,3
491,3
531,2
26,2
701,3
958,3
921,1
697,2
970,2
118,1
6,1
897,2
235,3
804,1
426,2
50,1
131,1
971,1
299,3
456,2
707,2
810,3
518,3
182,1
962,2
314,1
521,1
492,2
714,2
234,3
294,1
626,2
670,3
27,2
919,1
636,1
399,2
391,1
813,2
720,1
749,3
117,3
724,2
800,3
889,1
662,1
790,1
372,2
568,3
669,3
623,3
295,1
533,2
63,2
419,1
3,1
455,1
734,2
69,3
704,1
324,1
564,3
191,3
59,1
943,1
251,1
174,3
343,2
524,1
996,2
427,1
854,3
607,2
499,2
634,3
271,2
812,2
687,3
432,1
14,1
90,3
573,1
469,2
289,2
364,1
814,2
176,1
632,1
489,1
379,2
98,3
283,2
390,2
526,1
275,3
164,1
435,1
589,2
31,3
547,2
946,2
274,3
89,1
393,3
516,2
416,1
923,3
395,1
227,3
680,2
78,3
67,1
838,1
19,1
658,1
243,1
160,3
665,2
629,1
700,2
931,2
315,2
699,2
788,2
55,2
663,1
81,3
988,2
833,3
757,2
840,1
287,2
762,3
930,3
252,1
173,2
732,1
535,2
296,1
368,2
585,2
909,1
212,2
150,2
430,3
657,3
940,3
710,3
609,1
920,2
442,3
87,3
845,2
125,2
892,2
834,3
743,1
440,2
678,1
291,3
480,3
894,2
479,1
746,2
149,2
513,2
367,1
517,2
703,1
486,1
798,2
162,1
12,2
604,1
152,2
605,3
633,3
389,3
816,1
267,1
515,2
11,2
600,3
953,3
200,3
258,1
42,3
539,2
775,3
382,3
360,1
85,3
497,2
68,2
641,3
122,1
702,3
154,2
505,1
378,1
76,2
64,2
120,1
797,1
204,2
186,3
784,1
144,1
593,3
711,3
548,3
459,2
655,2
864,1
982,1
128,1
305,2
667,1
899,1
196,2
553,1
330,2
592,1
774,1
698,3
303,3
333,1
92,1
649,2
163,1
562,3
848,1
767,2
766,1
141,3
865,1
716,2
244,1
394,1
148,2
318,3
445,3
273,1
53,1
308,2
482,3
355,3
912,2
124,1
963,3
460,1
428,2
414,1
571,1
286,2
418,2
221,3
577,3
130,3
203,3
327,2
387,2
433,2
630,1
995,2
545,3
82,2
105,2
278,3
317,3
266,2
381,2
447,2
966,2
223,2
822,3
620,2
983,3
404,3
674,1
302,2
123,2
763,3
15,3
473,3
929,2
801,1
599,3
885,1
206,3
38,2
420,2
591,1
736,3
558,1
574,2
830,2
405,3
799,1
463,1
737,1
107,2
660,3
675,2
615,1
219,2
876,1
97,2
313,2
189,1
717,3
41,3
504,3
137,1
431,1
250,1
851,3
608,2
17,3
467,1
197,1
750,3
464,2
871,2
941,3
422,1
284,3
860,1
567,1
54,1
259,2
951,2
529,3
998,2
190,2
581,3
844,1
135,3
739,1
563,3
298,1
32,3
434,1
942,1
650,2
193,3
95,3
679,2
780,3
508,3
694,1
811,1
210,2
896,1
171,2
656,1
954,2
596,2
195,2
827,3
449,2
213,2
377,2
52,1
365,2
646,1
398,2
787,2
821,1
151,2
671,2
94,3
384,2
908,3
344,1
664,2
111,1
832,1
705,1
611,1
1000,3
169,3
409,3
412,2
867,2
557,2
166,1
796,3
586,3
805,3
2,2
510,2
371,2
628,1
60,1
257,3
276,2
829,1
928,1
139,1
457,1
850,2
18,1
910,1
233,1
985,3
747,3
406,2
559,1
967,3
735,1
34,3
769,1
133,1
561,1
129,2
288,2
443,3
530,3
666,2
285,1
544,1
688,2
825,1
578,3
280,2
205,3
362,1
356,3
820,2
323,1
261,3
49,3
386,2
612,2
532,2
84,1
40,2
748,2
353,1
887,3
369,1
249,2
264,1
888,2
177,3
102,1
572,2
695,1
965,1
311,3
453,1
768,2
519,3
622,2
555,2
83,2
777,2
742,3
194,3
976,2
358,3
8,3
980,2
722,2
802,3
281,1
300,3
907,2
366,3
712,2
175,2
115,2
350,2
837,3
541,2
410,3
494,3
471,1
935,1
352,1
484,3
304,2
29,3
979,1
446,1
981,3
727,3
436,3
470,1
310,1
525,3
500,2
185,1
870,3
719,1
836,1
659,3
270,1
187,2
643,3
226,1
109,3
752,2
10,2
260,2
100,3
997,1
411,2
647,1
245,2
795,2
631,1
913,1
957,1
846,3
575,1
202,3
999,3
236,2
468,1
403,3
490,3
927,2
462,2
158,1
619,1
725,1
262,1
936,3
673,3
506,2
718,2
858,2
485,3
584,3
376,1
46,2
108,1
119,1
424,1
127,2
96,2
594,3
906,2
167,3
35,2
949,2
884,2
915,1
71,2
501,3
540,1
47,3
57,1
73,2
159,3
348,2
842,3
30,1
415,1
407,2
932,3
977,1
25,2
917,1
606,3
56,1
153,3
312,1
536,2
948,1
778,1
413,1
551,2
751,2
684,2
642,3
926,2
138,3
745,1
224,3
218,2
952,2
883,1
146,3
715,2
307,2
20,1
392,1
653,3
808,1
248,1
466,1
351,1
770,2
401,2
542,1
556,2
279,3
824,2
522,3
890,2
975,3
924,1
228,3
776,2
692,3
359,3
882,3
839,2
496,2
792,1
939,1
652,2
847,2
740,3
878,2
142,1
978,2
380,2
661,2
791,1
180,2
877,2
113,1
277,3
491,2
531,2
26,3
701,2
958,2
921,3
697,3
970,3
118,3
6,2
897,1
235,3
804,1
426,1
50,2
131,1
971,2
299,1
456,1
707,3
810,3
518,1
182,2
962,2
314,3
521,3
492,2
714,3
234,3
294,1
626,3
670,1
27,3
919,1
636,2
399,1
391,2
813,1
720,2
749,3
117,1
724,2
800,1
889,1
662,3
790,2
372,3
568,3
669,2
623,1
295,1
533,2
63,2
419,1
3,2
455,1
734,3
69,2
704,3
324,3
564,1
191,1
59,2
943,1
251,1
174,1
343,3
524,3
996,3
427,3
854,1
607,1
499,3
634,3
271,1
812,2
687,1
480,1
894,1
479,3
746,2
149,3
513,3
367,3
517,3
703,2
486,2
798,3
162,3
12,2
604,1
152,3
605,1
633,3
389,1
816,2
267,1
515,2
11,1
600,1
953,1
200,1
258,1
42,3
539,3
775,1
382,2
360,2
85,2
497,1
68,3
641,3
122,3
702,2
154,3
505,3
378,1
76,1
64,1
120,1
797,2
204,1
186,3
784,2
144,3
593,3
711,3
548,1
459,2
655,1
864,1
982,1
128,1
305,3
667,1
899,2
196,3
553,3
330,1
592,1
774,1
698,1
303,3
333,3
92,1
649,1
163,3
562,2
848,1
767,3
766,3
141,3
865,3
716,1
244,1
394,1
148,3
318,2
445,2
273,2
53,3
308,3
482,2
355,2
912,2
124,1
963,2
460,1
428,2
414,3
571,2
286,2
418,1
221,3
577,1
130,1
203,1
327,2
387,2
433,1
630,3
995,1
545,1
82,2
105,2
278,2
317,2
266,1
381,3
447,3
966,2
223,1
822,1
620,1
983,2
404,3
674,2
302,1
123,3
763,2
15,1
473,3
929,3
801,2
599,1
885,1
206,2
38,2
420,3
591,2
736,2
558,3
574,1
830,1
405,1
799,3
463,3
737,2
107,2
660,1
675,1
615,2
219,1
876,3
97,3
313,1
189,2
717,1
41,1
504,2
137,3
431,2
250,1
851,3
608,2
17,3
467,2
197,1
750,2
464,3
871,2
941,3
422,2
284,2
860,1
567,2
54,3
259,2
951,3
529,3
998,1
190,3
581,3
844,1
135,3
739,3
563,2
298,3
32,2
434,3
942,2
650,3
193,1
95,2
679,2
780,2
508,1
694,2
811,1
210,1
896,2
171,1
656,1
954,2
596,3
195,3
827,3
449,2
213,1
377,3
52,2
365,2
646,3
398,2
787,3
821,2
151,1
671,2
94,3
384,2
908,3
344,1
664,3
111,2
832,1
705,1
611,1
1000,2
169,3
409,1
412,2
867,1
557,2
166,3
796,3
586,1
805,1
2,1
510,2
371,1
628,1
60,1
257,2
276,3
829,3
928,1
139,2
457,2
850,1
18,1
910,3
233,2
985,3
747,3
406,1
559,2
967,2
735,1
34,2
769,2
133,3
561,3
129,1
288,3
443,1
530,1
666,2
285,2
544,1
688,2
825,3
578,2
280,2
205,3
362,3
356,2
820,1
323,3
261,3
49,1
386,2
612,2
532,2
84,3
40,2
748,2
353,2
887,3
369,1
249,2
264,1
888,3
177,2
102,1
572,1
695,2
965,2
311,2
453,2
768,1
519,3
622,3
555,1
83,2
777,2
742,1
194,3
976,3
358,3
8,3
980,2
722,3
802,1
281,2
300,2
907,2
366,3
712,3
175,3
115,2
350,3
837,1
541,1
410,2
494,2
471,1
935,3
352,1
484,3
304,3
29,1
979,2
446,3
981,3
727,2
436,3
470,2
310,2
525,2
500,3
185,2
870,2
719,1
836,1
659,1
270,1
187,2
643,1
226,1
109,1
752,3
10,2
260,2
100,2
997,1
411,1
647,2
245,2
795,1
631,1
913,2
957,3
846,2
575,3
202,2
999,2
236,1
468,3
403,3
490,2
927,1
462,2
158,3
619,1
725,3
262,1
936,2
673,2
506,2
718,2
858,2
485,2
584,1
376,2
46,2
108,3
119,3
424,2
127,1
96,2
594,1
906,2
167,2
35,1
949,3
884,1
915,3
71,1
501,1
540,2
47,1
57,3
73,2
159,1
348,2
842,1
30,2
415,2
407,3
932,1
977,1
25,1
917,2
606,3
56,1
153,2
312,3
536,3
948,3
778,3
413,3
551,1
751,1
684,3
642,2
926,2
138,1
745,3
224,3
218,3
952,1
883,3
146,1
715,2
307,2
20,1
392,3
653,2
808,1
248,1
466,2
351,1
770,2
401,2
542,3
556,2
279,3
824,1
522,1
890,2
975,1
924,2
228,1
776,3
692,2
359,2
882,3
839,2
496,1
792,2
939,2
652,3
847,1
740,1
878,3
142,2
978,2
380,2
661,1
791,3
180,2
877,2
113,2
277,1
491,2
531,1
26,2
701,3
958,1
921,2
697,1
970,3
118,3
6,2
897,3
235,2
804,2
426,2
50,1
131,1
971,1
299,3
456,2
707,2
810,3
518,3
182,1
962,3
314,3
521,3
492,1
714,2
234,1
294,1
626,2
670,2
27,1
919,1
636,1
399,2
391,3
813,2
720,1
749,1
117,1
724,2
800,2
889,3
662,2
790,2
372,2
568,1
669,1
623,2
295,2
533,3
63,1
419,1
3,3
455,2
734,2
69,1
704,2
324,1
564,3
191,3
59,3
943,3
251,1
174,2
343,1
524,1
996,1
427,2
854,1
607,1
499,1
634,3
271,2
812,1
687,3
460,1
428,1
414,2
571,3
286,3
418,3
221,2
577,1
130,3
203,1
327,3
387,2
433,1
630,1
995,3
545,2
82,1
105,2
278,2
317,1
266,3
381,3
447,1
966,3
223,3
822,2
620,2
983,3
404,3
674,1
302,2
123,3
763,1
15,3
473,1
929,3
801,2
599,3
885,3
206,2
38,2
420,3
591,2
736,2
558,1
574,1
830,1
405,2
799,2
463,2
737,1
107,3
660,2
675,1
615,2
219,3
876,2
97,1
313,1
189,3
717,3
41,2
504,2
137,1
431,3
250,3
851,2
608,2
17,2
467,3
197,2
750,1
464,2
871,2
941,3
422,3
284,3
860,1
567,1
54,2
259,3
951,3
529,1
998,1
190,3
581,2
844,1
135,3
739,1
563,2
298,3
32,1
434,1
942,1
650,2
193,2
95,1
679,1
780,2
508,1
694,3
811,3
210,3
896,3
171,1
656,3
954,1
596,1
195,1
827,1
449,2
213,1
377,2
52,3
365,2
646,3
398,3
787,1
821,1
151,2
671,3
94,1
384,1
908,1
344,3
664,3
111,2
832,1
705,2
611,2
1000,2
169,1
409,2
412,1
867,2
557,2
166,2
796,3
586,1
805,2
2,1
510,2
371,2
628,3
60,3
257,3
276,1
829,1
928,3
139,2
457,3
850,3
18,2
910,2
233,3
985,1
747,1
406,1
559,1
967,1
735,2
34,2
769,3
133,1
561,3
129,2
288,2
443,1
530,3
666,1
285,1
544,3
688,1
825,1
578,1
280,1
205,2
362,3
356,3
820,1
323,3
261,3
49,2
386,1
612,2
532,2
84,2
40,2
748,1
353,1
887,2
369,2
249,1
264,3
888,2
177,1
102,3
572,2
695,3
965,1
311,2
453,3
768,3
519,1
622,3
555,2
83,1
777,2
742,2
194,3
976,2
358,2
8,1
980,3
722,1
802,3
281,3
300,3
907,3
366,3
712,2
175,2
115,3
350,1
837,2
541,3
410,3
494,2
471,3
935,3
352,3
484,1
304,3
29,1
979,1
446,3
981,2
727,3
436,3
470,3
310,1
525,3
500,3
185,1
870,2
719,3
836,1
659,3
270,3
187,1
643,1
226,3
109,2
752,3
10,1
260,1
100,3
997,1
411,3
647,3
245,2
795,3
631,3
913,1
957,2
846,3
575,3
202,3
999,3
236,1
468,3
403,1
490,3
927,3
462,3
158,2
619,1
725,2
262,3
936,1
673,1
506,3
718,1
858,3
485,3
584,1
376,1
46,2
108,2
119,2
424,1
127,1
96,3
594,1
906,2
167,2
35,3
949,1
884,1
915,3
71,3
501,1
540,1
47,2
57,1
73,2
159,3
348,2
842,1
30,1
415,2
407,2
932,3
977,3
25,3
917,3
606,2
56,1
153,1
312,1
536,2
948,3
778,1
413,2
551,2
751,2
684,2
642,1
926,3
138,2
745,3
224,1
218,2
952,3
883,2
146,2
715,2
307,3
20,2
392,1
653,1
808,3
248,2
466,2
351,3
770,3
401,2
542,3
556,1
279,1
824,1
522,2
890,2
975,1
924,1
228,1
776,2
692,3
359,2
882,2
839,3
496,2
792,2
939,2
652,3
847,3
740,3
878,2
142,2
978,1
380,3
661,1
791,1
180,2
877,2
113,1
277,2
491,2
531,1
26,1
701,3
958,2
921,3
697,3
970,1
118,2
6,3
897,2
235,2
804,1
426,3
50,1
131,2
971,1
299,3
456,3
707,1
810,3
518,2
182,2
962,3
314,3
521,3
492,1
714,1
234,3
294,3
626,3
670,3
27,2
919,2
636,2
399,1
391,3
813,2
720,1
749,1
117,3
724,3
800,2
889,3
662,3
790,3
372,3
568,3
669,3
623,2
295,1
533,2
63,2
419,2
3,3
455,1
734,3
69,1
704,1
324,3
564,2
191,1
59,3
943,1
251,1
174,3
343,2
524,1
996,1
427,2
854,2
607,3
499,2
634,1
271,1
812,1
687,2
750,3
464,3
871,3
941,1
422,3
284,3
860,3
567,1
54,2
259,1
951,2
529,3
998,2
190,2
581,2
844,1
135,1
739,3
563,3
298,1
32,2
434,2
942,2
650,1
193,3
95,2
679,3
780,1
508,2
694,1
811,2
210,2
896,1
171,3
656,2
954,1
596,1
195,2
827,1
449,2
213,3
377,2
52,3
365,1
646,3
398,1
787,2
821,1
151,2
671,3
94,1
384,1
908,1
344,2
664,2
111,1
832,3
705,2
611,2
1000,2
169,3
409,2
412,1
867,2
557,1
166,1
796,1
586,1
805,2
2,1
510,2
371,2
628,1
60,3
257,2
276,1
829,2
928,2
139,3
457,2
850,1
18,1
910,3
233,2
985,1
747,3
406,2
559,2
967,2
735,3
34,1
769,2
133,1
561,2
129,1
288,2
443,3
530,3
666,3
285,3
544,2
688,3
825,1
578,3
280,3
205,3
362,1
356,1
820,2
323,2
261,1
49,1
386,3
612,3
532,2
84,2
40,3
748,1
353,3
887,2
369,3
249,3
264,1
888,1
177,3
102,3
572,2
695,3
965,1
311,1
453,2
768,1
519,1
622,3
555,2
83,2
777,2
742,3
194,3
976,1
358,3
8,3
980,2
722,3
802,1
281,2
300,2
907,2
366,3
712,1
175,3
115,2
350,3
837,1
541,2
410,2
494,1
471,1
935,3
352,1
484,2
304,3
29,1
979,1
446,2
981,3
727,2
436,1
470,1
310,1
525,3
500,1
185,1
870,1
719,3
836,1
659,3
270,1
187,1
643,2
226,3
109,1
752,1
10,1
260,1
100,3
997,1
411,3
647,3
245,1
795,1
631,2
913,3
957,1
846,2
575,2
202,3
999,3
236,1
468,3
403,2
490,3
927,1
462,2
158,1
619,3
725,3
262,3
936,2
673,2
506,1
718,2
858,3
485,3
584,1
376,1
46,2
108,1
119,3
424,3
127,2
96,3
594,1
906,2
167,2
35,2
949,1
884,3
915,1
71,1
501,1
540,1
47,2
57,2
73,2
159,1
348,2
842,3
30,2
415,1
407,3
932,2
977,2
25,2
917,1
606,1
56,2
153,1
312,1
536,3
948,1
778,1
413,2
551,3
751,1
684,2
642,3
926,1
138,3
745,1
224,3
218,3
952,1
883,1
146,3
715,2
307,1
20,3
392,2
653,2
808,1
248,1
466,2
351,3
770,1
401,2
542,2
556,3
279,3
824,2
522,3
890,1
975,3
924,1
228,2
776,3
692,1
359,2
882,3
839,2
496,2
792,3
939,1
652,3
847,2
740,3
878,3
142,2
978,3
380,3
661,2
791,1
180,1
877,3
113,1
277,2
491,3
531,2
26,1
701,1
958,1
921,1
697,3
970,3
118,3
6,1
897,2
235,2
804,2
426,1
50,2
131,1
971,1
299,2
456,1
707,2
810,3
518,2
182,1
962,2
314,2
521,3
492,2
714,2
234,1
294,2
626,3
670,3
27,3
919,3
636,3
399,3
391,1
813,1
720,1
749,3
117,1
724,1
800,1
889,2
662,3
790,1
372,2
568,2
669,3
623,1
295,1
533,2
63,2
419,1
3,2
455,3
734,3
69,3
704,1
324,1
564,3
191,1
59,2
943,3
251,1
174,2
343,1
524,1
996,2
427,3
854,1
607,1
499,1
634,1
271,2
812,1
687,1
787,3
821,1
151,1
671,1
94,3
384,3
908,1
344,2
664,2
111,1
832,1
705,1
611,3
1000,3
169,3
409,1
412,3
867,1
557,3
166,1
796,2
586,2
805,3
2,2
510,2
371,3
628,2
60,2
257,2
276,3
829,1
928,3
139,1
457,1
850,2
18,2
910,2
233,3
985,1
747,2
406,2
559,2
967,3
735,3
34,2
769,2
133,1
561,1
129,2
288,3
443,3
530,2
666,1
285,2
544,3
688,1
825,2
578,1
280,2
205,1
362,1
356,3
820,2
323,2
261,2
49,3
386,1
612,3
532,1
84,1
40,1
748,3
353,2
887,1
369,3
249,1
264,2
888,3
177,1
102,2
572,2
695,3
965,1
311,1
453,2
768,3
519,1
622,1
555,3
83,2
777,2
742,1
194,1
976,3
358,2
8,2
980,1
722,1
802,3
281,1
300,1
907,2
366,3
712,1
175,3
115,3
350,2
837,2
541,1
410,2
494,2
471,2
935,3
352,3
484,2
304,2
29,3
979,1
446,1
981,1
727,3
436,1
470,1
310,3
525,2
500,1
185,1
870,3
719,2
836,2
659,1
270,2
187,3
643,2
226,2
109,2
752,3
10,1
260,3
100,2
997,2
411,2
647,3
245,2
795,3
631,2
913,2
957,3
846,3
575,3
202,2
999,1
236,2
468,1
403,2
490,3
927,1
462,1
158,1
619,1
725,2
262,1
936,2
673,2
506,1
718,1
858,3
485,2
584,1
376,3
46,3
108,2
119,1
424,1
127,1
96,3
594,2
906,2
167,3
35,3
949,1
884,2
915,3
71,1
501,2
540,3
47,1
57,1
73,1
159,3
348,3
842,2
30,1
415,1
407,2
932,2
977,2
25,1
917,1
606,1
56,1
153,2
312,1
536,2
948,3
778,2
413,1
551,1
751,3
684,3
642,1
926,3
138,2
745,3
224,1
218,1
952,3
883,2
146,3
715,3
307,2
20,1
392,1
653,1
808,3
248,2
466,1
351,3
770,1
401,3
542,2
556,3
279,1
824,2
522,2
890,1
975,3
924,2
228,1
776,2
692,1
359,2
882,2
839,3
496,2
792,1
939,1
652,1
847,2
740,1
878,2
142,3
978,3
380,3
661,2
791,2
180,3
877,3
113,3
277,3
491,1
531,1
26,2
701,1
958,2
921,3
697,2
970,1
118,2
6,3
897,1
235,1
804,2
426,2
50,2
131,2
971,1
299,3
456,3
707,2
810,1
518,1
182,3
962,1
314,2
521,2
492,2
714,1
234,1
294,2
626,3
670,2
27,2
919,3
636,3
399,1
391,3
813,1
720,1
749,1
117,2
724,2
800,1
889,3
662,2
790,1
372,2
568,2
669,1
623,2
295,1
533,1
63,1
419,1
3,3
455,3
734,3
69,3
704,2
324,2
564,1
191,2
59,3
943,1
251,3
174,1
343,2
524,1
996,2
427,2
854,2
607,1
499,2
634,1
271,3
812,3
687,1
544,2
688,3
825,1
578,1
280,2
205,3
362,1
356,2
820,2
323,3
261,2
49,3
386,3
612,2
532,3
84,2
40,2
748,3
353,2
887,3
369,1
249,3
264,1
888,3
177,3
102,1
572,2
695,2
965,3
311,1
453,2
768,1
519,2
622,2
555,1
83,1
777,3
742,2
194,2
976,3
358,1
8,1
980,3
722,3
802,1
281,3
300,3
907,2
366,1
712,2
175,2
115,3
350,3
837,3
541,2
410,3
494,1
471,1
935,1
352,2
484,1
304,3
29,1
979,3
446,1
981,3
727,2
436,2
470,1
310,2
525,1
500,1
185,1
870,2
719,2
836,3
659,1
270,2
187,1
643,2
226,2
109,3
752,3
10,1
260,1
100,2
997,3
411,2
647,3
245,1
795,3
631,3
913,1
957,2
846,2
575,3
202,1
999,3
236,1
468,3
403,2
490,3
927,1
462,3
158,3
619,1
725,1
262,1
936,2
673,3
506,3
718,2
858,3
485,1
584,1
376,1
46,2
108,1
119,2
424,1
127,3
96,1
594,3
906,1
167,1
35,2
949,3
884,3
915,2
71,1
501,1
540,2
47,3
57,3
73,1
159,3
348,2
842,1
30,2
415,2
407,3
932,1
977,2
25,2
917,3
606,1
56,2
153,2
312,3
536,2
948,3
778,1
413,2
551,3
751,1
684,2
642,2
926,1
138,1
745,3
224,2
218,2
952,3
883,1
146,3
715,3
307,1
20,2
392,3
653,2
808,3
248,3
466,3
351,3
770,3
401,3
542,1
556,1
279,3
824,2
522,3
890,1
975,1
924,1
228,1
776,1
692,1
359,1
882,2
839,1
496,1
792,3
939,3
652,2
847,2
740,3
878,3
142,2
978,3
380,1
661,3
791,1
180,3
877,2
113,2
277,3
491,1
531,1
26,2
701,2
958,1
921,1
697,1
970,2
118,2
6,2
897,3
235,1
804,1
426,3
50,3
131,1
971,2
299,2
456,2
707,1
810,3
518,3
182,2
962,3
314,1
521,2
492,1
714,1
234,3
294,2
626,2
670,2
27,3
919,2
636,1
399,2
391,2
813,3
720,2
749,3
117,2
724,1
800,3
889,2
662,2
790,1
372,1
568,1
669,3
623,1
295,2
533,3
63,2
419,2
3,3
455,1
734,3
69,1
704,3
324,2
564,1
191,3
59,1
943,3
251,2
174,2
343,1
524,2
996,3
427,3
854,1
607,3
499,3
634,3
271,2
812,2
687,2
300,2
907,2
366,3
712,3
175,2
115,1
350,1
837,1
541,3
410,3
494,2
471,1
935,3
352,2
484,1
304,3
29,3
979,3
446,2
981,3
727,2
436,3
470,1
310,3
525,1
500,2
185,2
870,3
719,2
836,1
659,2
270,2
187,3
643,2
226,2
109,2
752,2
10,3
260,2
100,1
997,3
411,3
647,1
245,1
795,1
631,3
913,2
957,2
846,2
575,2
202,3
999,3
236,2
468,1
403,2
490,2
927,3
462,2
158,2
619,1
725,3
262,3
936,2
673,1
506,2
718,2
858,3
485,3
584,2
376,1
46,1
108,1
119,3
424,2
127,3
96,3
594,2
906,2
167,1
35,2
949,1
884,2
915,2
71,2
501,2
540,3
47,1
57,3
73,3
159,1
348,3
842,2
30,1
415,3
407,1
932,1
977,1
25,1
917,1
606,3
56,1
153,2
312,2
536,1
948,1
778,3
413,1
551,1
751,2
684,1
642,3
926,2
138,2
745,2
224,3
218,3
952,2
883,3
146,3
715,1
307,2
20,2
392,1
653,1
808,3
248,1
466,2
351,3
770,1
401,1
542,2
556,3
279,3
824,1
522,1
890,2
975,2
924,1
228,3
776,1
692,3
359,3
882,3
839,2
496,1
792,3
939,1
652,1
847,1
740,1
878,3
142,2
978,1
380,2
661,1
791,3
180,2
877,2
113,1
277,1
491,1
531,2
26,1
701,3
958,2
921,2
697,1
970,2
118,2
6,3
897,2
235,3
804,2
426,2
50,3
131,1
971,3
299,1
456,2
707,2
810,2
518,3
182,2
962,1
314,3
521,1
492,3
714,1
234,1
294,1
626,1
670,3
27,1
919,3
636,1
399,1
391,1
813,1
720,1
749,2
117,1
724,1
800,3
889,3
662,1
790,3
372,1
568,1
669,3
623,2
295,1
533,1
63,2
419,1
3,2
455,2
734,2
69,2
704,1
324,1
564,2
191,1
59,3
943,1
251,3
174,2
343,2
524,1
996,2
427,3
854,2
607,3
499,2
634,3
271,1
812,3
687,1
927,1
462,2
158,1
619,3
725,1
262,1
936,3
673,2
506,2
718,1
858,2
485,3
584,2
376,2
46,3
108,3
119,1
424,1
127,2
96,2
594,3
906,1
167,3
35,1
949,1
884,1
915,1
71,1
501,2
540,3
47,3
57,2
73,3
159,1
348,3
842,3
30,1
415,1
407,3
932,2
977,3
25,3
917,1
606,3
56,3
153,2
312,2
536,2
948,3
778,3
413,2
551,1
751,1
684,3
642,3
926,2
138,3
745,3
224,1
218,2
952,1
883,3
146,2
715,1
307,2
20,3
392,3
653,3
808,1
248,2
466,3
351,2
770,3
401,2
542,1
556,3
279,3
824,3
522,1
890,3
975,1
924,1
228,2
776,1
692,3
359,2
882,3
839,3
496,2
792,3
939,2
652,2
847,3
740,2
878,3
142,1
978,1
380,2
661,3
791,3
180,3
877,3
113,2
277,3
491,2
531,3
26,3
701,2
958,3
921,2
697,2
970,3
118,3
6,1
897,3
235,3
804,3
426,2
50,1
131,1
971,3
299,1
456,2
707,3
810,1
518,3
182,1
962,2
314,1
521,1
492,1
714,2
234,1
294,2
626,2
670,3
27,1
919,1
636,1
399,1
391,2
813,2
720,3
749,2
117,3
724,3
800,1
889,2
662,3
790,1
372,1
568,2
669,3
623,3
295,3
533,1
63,2
419,3
3,2
455,1
734,2
69,1
704,2
324,2
564,3
191,3
59,2
943,2
251,3
174,1
343,3
524,3
996,1
427,1
854,1
607,1
499,1
634,3
271,2
812,2
687,2
842,1
30,3
415,3
407,3
932,2
977,3
25,2
917,3
606,1
56,3
153,2
312,1
536,2
948,2
778,1
413,3
551,2
751,1
684,1
642,2
926,1
138,2
745,3
224,1
218,1
952,1
883,3
146,1
715,3
307,3
20,3
392,2
653,2
808,3
248,3
466,3
351,1
770,2
401,2
542,1
556,1
279,3
824,3
522,2
890,2
975,2
924,2
228,2
776,3
692,3
359,1
882,3
839,2
496,3
792,3
939,2
652,1
847,1
740,1
878,3
142,1
978,3
380,1
661,2
791,3
180,1
877,1
113,3
277,1
491,3
531,3
26,3
701,2
958,3
921,1
697,2
970,1
118,3
6,1
897,2
235,2
804,3
426,1
50,2
131,2
971,3
299,3
456,1
707,1
810,2
518,1
182,1
962,2
314,2
521,1
492,2
714,3
234,2
294,1
626,2
670,3
27,2
919,3
636,1
399,1
391,2
813,2
720,1
749,2
117,1
724,1
800,3
889,1
662,3
790,1
372,2
568,1
669,2
623,1
295,3
533,1
63,1
419,3
3,2
455,2
734,3
69,1
704,1
324,3
564,3
191,3
59,2
943,3
251,2
174,1
343,2
524,3
996,3
427,2
854,1
607,3
499,3
634,1
271,3
812,1
687,3
715,2
307,2
20,1
392,3
653,2
808,1
248,3
466,3
351,1
770,2
401,2
542,2
556,1
279,2
824,2
522,1
890,3
975,1
924,1
228,2
776,3
692,1
359,3
882,1
839,3
496,1
792,1
939,1
652,3
847,1
740,2
878,2
142,1
978,3
380,3
661,1
791,1
180,1
877,3
113,2
277,1
491,3
531,3
26,1
701,3
958,3
921,3
697,1
970,1
118,3
6,3
897,3
235,2
804,2
426,1
50,1
131,2
971,1
299,1
456,2
707,1
810,1
518,3
182,1
962,1
314,1
521,3
492,2
714,2
234,2
294,3
626,2
670,2
27,3
919,2
636,1
399,3
391,1
813,1
720,2
749,2
117,2
724,3
800,3
889,2
662,3
790,1
372,1
568,2
669,1
623,3
295,2
533,2
63,3
419,1
3,3
455,1
734,3
69,2
704,2
324,3
564,1
191,1
59,2
943,1
251,1
174,1
343,3
524,1
996,2
427,3
854,3
607,3
499,2
634,1
271,2
812,1
687,1
877,2
113,1
277,2
491,2
531,3
26,2
701,3
958,3
921,3
697,2
970,2
118,3
6,3
897,3
235,3
804,1
426,1
50,3
131,3
971,1
299,3
456,2
707,1
810,3
518,3
182,3
962,3
314,1
521,2
492,2
714,2
234,3
294,2
626,3
670,1
27,3
919,2
636,1
399,3
391,3
813,1
720,2
749,1
117,2
724,1
800,2
889,1
662,3
790,1
372,3
568,3
669,3
623,2
295,2
533,3
63,1
419,2
3,2
455,3
734,2
69,2
704,1
324,3
564,3
191,2
59,2
943,3
251,3
174,1
343,3
524,1
996,2
427,3
854,1
607,2
499,3
634,2
271,1
812,2
687,2
294,3
626,3
670,3
27,3
919,1
636,3
399,1
391,1
813,2
720,3
749,1
117,3
724,1
800,2
889,3
662,1
790,1
372,3
568,2
669,1
623,2
295,3
533,2
63,3
419,3
3,2
455,3
734,1
69,2
704,2
324,1
564,2
191,2
59,2
943,3
251,3
174,1
343,3
524,3
996,3
427,2
854,3
607,2
499,3
634,1
271,2
812,3
687,2
720,3
749,3
117,3
724,3
800,1
889,3
662,2
790,3
372,2
568,2
669,1
623,3
295,3
533,2
63,3
419,2
3,3
455,3
734,1
69,3
704,3
324,2
564,2
191,1
59,3
943,3
251,2
174,1
343,1
524,1
996,3
427,2
854,1
607,1
499,3
634,1
271,1
812,2
687,2
295,2
533,1
63,2
419,1
3,2
455,3
734,3
69,2
704,3
324,1
564,3
191,3
59,1
943,1
251,3
174,2
343,2
524,1
996,2
427,2
854,2
607,1
499,2
634,3
271,2
812,2
687,1
63,3
419,2
3,3
455,2
734,1
69,1
704,3
324,2
564,2
191,1
59,1
943,2
251,2
174,3
343,3
524,2
996,2
427,3
854,2
607,2
499,2
634,3
271,3
812,2
687,2
704,1
324,2
564,2
191,3
59,2
943,2
251,1
174,2
343,3
524,1
996,2
427,2
854,2
607,3
499,2
634,3
271,1
812,1
687,3
174,3
343,2
524,1
996,2
427,1
854,3
607,3
499,1
634,3
271,2
812,2
687,1
607,2
499,3
634,2
271,2
812,1
687,1
634,3
271,2
812,2
687,1
812,2
687,1
812,3
687,3
812,3
687,2
687,2
