grower,organization_id
Cavanaugh Farm,fe62dee029474d52346542845674529025594056
Depner Farm,106e6791d0f181b391cde800e74fdc14d529dc0a
Austin Farm,0966e34316e39217e4f26fbe20fc14e24c26567b
Batte Farm,513612757cd6094d98b6a82a01d6f115fe9ae88c
Sifuentes Farm,2ec53b20e3a9f6ff73d290ef3e8e8f30a2a30235
Seever Farm,485482977cd1d502b0b51d03d22710ae857ba701
Barrocas Farm,564e50b68ab1574426851440c6e42ae5022a5a74
Flanagan Farm,dcf70d3a931a836d948e93429eb7dd4a9c9c718e
Odell Farm,ced5d63baaa0323be6503a0fa952c684ddce8745
Carpentieri Farm,2a880f4ff3ae665353219c9a52f4e982cdb433e2
Dudley Farm,726cce9d9800d792d1e0fbb83923ac4c6be4f668
Jenkins Farm,462c9ed4acd1c1b5ec3b130f3101b54cd5a66bfb
Simmons Farm,598d17ec200eeb9e27ae829746ccf47c57761bc1
Gregory Farm,2a7365d841e79f504f0c5c55267a87f501e4d1e4
Hawker Farm,b3bd5efa1dbecf1a1a564b8bc6303c4a2c162fb1
Mull Farm,7853306a8cfa951541aef8f4f8374ad845894a4a
Overholt Farm,bb2187d34c27359e4e0c513ba47b0451c42907e9
Konecny Farm,2498aa02bfe5084932147db868715faf88ffcb41
Stinson Farm,9f82bb949b4be165331106bfed87ea4f1e44fcd8
Crawford Farm,7bdbf21b670c1107e808b2eb2032c11e69696e6b
Ross Farm,1d427ae4148dfebbd56f904a0de246fd89712cf0