crop_type,year,harvest_product,total_harvested,harvested_unit,field_id,org_id
CROP.CORN.COMMERCIAL,2016,grain,53290.62885,bu,cb1e3bd821dd673a0c378b16ba97075919aa993a,0966e34316e39217e4f26fbe20fc14e24c26567b
CROP.CORN.COMMERCIAL,2014,grain,40073.82155,bu,58d04a7094c1b08e9856932a02104d2a36b7b8ce,726cce9d9800d792d1e0fbb83923ac4c6be4f668
CROP.CORN.COMMERCIAL,2015,grain,45528.03394,bu,5e3babe7b318f4245ceb16718665af0b54335443,598d17ec200eeb9e27ae829746ccf47c57761bc1
CROP.SOYBEAN.COMMERCIAL,2015,grain,13927.33228,bu,02dc3fe6f889f3ece8daf456d26464d381bc9e55,fe62dee029474d52346542845674529025594056
CROP.CORN.COMMERCIAL,2014,grain,59676.63487,bu,109e500b323e0ef7baadd4409830c7619d8cfbfa,fe62dee029474d52346542845674529025594056
CROP.CORN.COMMERCIAL,2014,grain,67817.79235,bu,a1b95c0d5d12da17a82e1af370743f9b174574e0,106e6791d0f181b391cde800e74fdc14d529dc0a
CROP.SOYBEAN.COMMERCIAL,2017,grain,16899.04109,bu,96086a4a633ca9059f8c0472c7e532c14606294a,fe62dee029474d52346542845674529025594056
CROP.CORN.COMMERCIAL,2017,grain,74801.70359,bu,d1f129caa6ad88c0ca2b6b274dbb225c3aa3e5f8,fe62dee029474d52346542845674529025594056
CROP.SOYBEAN.COMMERCIAL,2015,grain,30341.90152,bu,ed7e44f184a071a25c905e1ee9f73c6741e0bd01,598d17ec200eeb9e27ae829746ccf47c57761bc1
CROP.CORN.COMMERCIAL,2015,grain,50987.86154,bu,fd72b33016dc565f97e287594573282d0ae29f08,598d17ec200eeb9e27ae829746ccf47c57761bc1
CROP.CORN.COMMERCIAL,2016,grain,4109.418402,bu,ceacbff5f896d6b9f5e1c7d3a520f1e832806158,b3bd5efa1dbecf1a1a564b8bc6303c4a2c162fb1
CROP.SOYBEAN.COMMERCIAL,2015,grain,403.1859021,bu,0c090e104b85e5d305640f9d43f32d0a8c5faeb6,0966e34316e39217e4f26fbe20fc14e24c26567b
CROP.SOYBEAN.COMMERCIAL,2015,grain,26993.43494,bu,d1fdb5f7aeeac1fe38e570b263b8a876f19ebdae,726cce9d9800d792d1e0fbb83923ac4c6be4f668
CROP.SOYBEAN.COMMERCIAL,2015,grain,27620.6876,bu,cb1e3bd821dd673a0c378b16ba97075919aa993a,0966e34316e39217e4f26fbe20fc14e24c26567b
CROP.CORN.COMMERCIAL,2015,grain,41322.0248,bu,82de9e36652993a37ce5fbc55fa9033f425fb120,0966e34316e39217e4f26fbe20fc14e24c26567b
CROP.SOYBEAN.COMMERCIAL,2015,grain,13685.64787,bu,6682442ec01eee124d9a2b40f049d2036596b969,598d17ec200eeb9e27ae829746ccf47c57761bc1
CROP.CORN.COMMERCIAL,2015,grain,50852.12284,bu,e56218f59c44684b1544101dcac07e620a50aa12,726cce9d9800d792d1e0fbb83923ac4c6be4f668
CROP.CORN.COMMERCIAL,2015,grain,89396.30957,bu,17ba0791499db908433b80f37c5fbc89b870084b,fe62dee029474d52346542845674529025594056
CROP.CORN.COMMERCIAL,2017,grain,62973.71744,bu,17ba0791499db908433b80f37c5fbc89b870084b,fe62dee029474d52346542845674529025594056
CROP.CORN.COMMERCIAL,2015,grain,10585.85949,bu,3ecb07dfe2886a452d827ba5be310bef04548353,2a7365d841e79f504f0c5c55267a87f501e4d1e4
CROP.SOYBEAN.COMMERCIAL,2017,grain,30074.12601,bu,daeab438051b9d0a654659b7f038f08b44c184af,598d17ec200eeb9e27ae829746ccf47c57761bc1
CROP.CORN.COMMERCIAL,2015,grain,74250.42493,bu,58d04a7094c1b08e9856932a02104d2a36b7b8ce,726cce9d9800d792d1e0fbb83923ac4c6be4f668
CROP.SOYBEAN.COMMERCIAL,2015,grain,18769.43751,bu,1a0092b5af6d86bcb51d99bec0cffdbc19824481,dcf70d3a931a836d948e93429eb7dd4a9c9c718e
CROP.SOYBEAN.COMMERCIAL,2015,grain,33725.17068,bu,d0dd4d5942c57babf3fa32fefa8f36aaaff2628a,726cce9d9800d792d1e0fbb83923ac4c6be4f668
CROP.SOYBEAN.COMMERCIAL,2014,grain,9159.567352,bu,8901f562983ecebf44e9443be506c9f6269582e5,726cce9d9800d792d1e0fbb83923ac4c6be4f668
CROP.CORN.COMMERCIAL,2017,grain,26585.28214,bu,075041a114b9768612d10b7ea78b3d8cba71521c,598d17ec200eeb9e27ae829746ccf47c57761bc1
CROP.SOYBEAN.COMMERCIAL,2015,grain,13638.81638,bu,3043cfa778d98f7970918f0f2958c4b6e9701c7d,0966e34316e39217e4f26fbe20fc14e24c26567b
CROP.CORN.COMMERCIAL,2017,grain,70470.84447,bu,4bd573dff142df79a5d4304a2b4b57bf680d5679,513612757cd6094d98b6a82a01d6f115fe9ae88c
CROP.CORN.COMMERCIAL,2015,grain,73595.86328,bu,cf3f6e86d543c52ee323a04feda488b347716f1e,fe62dee029474d52346542845674529025594056
CROP.CORN.COMMERCIAL,2017,grain,38042.55601,bu,aeea5833e9b4fe76ae2fa16f661171b82b95f2d5,106e6791d0f181b391cde800e74fdc14d529dc0a
CROP.CORN.COMMERCIAL,2016,grain,58553.44287,bu,fd72b33016dc565f97e287594573282d0ae29f08,598d17ec200eeb9e27ae829746ccf47c57761bc1
CROP.SOYBEAN.COMMERCIAL,2015,grain,26757.65841,bu,b25ddb082807ff10842b24af3397decd61eb446b,598d17ec200eeb9e27ae829746ccf47c57761bc1
CROP.CORN.COMMERCIAL,2016,grain,94516.1324,bu,1be078f7acaac4af4e74389d0607a5ae4d35e741,598d17ec200eeb9e27ae829746ccf47c57761bc1
CROP.SOYBEAN.COMMERCIAL,2015,grain,7935.271949,bu,e092fbdd0996a08f5a9dc28a0b1ed1f37b18224f,598d17ec200eeb9e27ae829746ccf47c57761bc1
CROP.CORN.COMMERCIAL,2017,grain,135090.6658,bu,5114f00a12710fde441de7d2e03bb2916cee21a1,598d17ec200eeb9e27ae829746ccf47c57761bc1
CROP.CORN.COMMERCIAL,2015,grain,48335.16847,bu,5ffe5f7993c967a9ec145605bb6bd6597f03b5e2,0966e34316e39217e4f26fbe20fc14e24c26567b
CROP.CORN.COMMERCIAL,2015,grain,102959.1624,bu,bed20ae41d9cc29734331ee52d0d94c884dc0caf,0966e34316e39217e4f26fbe20fc14e24c26567b
CROP.SOYBEAN.COMMERCIAL,2016,grain,2336.443301,bu,ce8405c765887b5dfb9f167609ba8610c9a9cd2b,598d17ec200eeb9e27ae829746ccf47c57761bc1
CROP.CORN.COMMERCIAL,2016,grain,127701.0711,bu,66dec081f750e2d33394a88a4436242bfbdcf6da,0966e34316e39217e4f26fbe20fc14e24c26567b
CROP.SOYBEAN.COMMERCIAL,2015,grain,27136.01699,bu,7ba3d660afdf1b3554dfe5d132d0ebca193ff44a,fe62dee029474d52346542845674529025594056
CROP.CORN.COMMERCIAL,2015,grain,39666.21662,bu,6444e5cd8df1b4a6d3eeb968a30822e3e486bfaa,0966e34316e39217e4f26fbe20fc14e24c26567b
CROP.CORN.COMMERCIAL,2017,grain,25773.19971,bu,218d3434d02d0bf126a34855b96d469927a702c5,fe62dee029474d52346542845674529025594056
CROP.CORN.COMMERCIAL,2017,grain,110064.74,bu,69c89b5ddcff7650cd0f9d55843dc33a1dd9f613,598d17ec200eeb9e27ae829746ccf47c57761bc1
CROP.CORN.COMMERCIAL,2015,grain,48001.64444,bu,3145985e8b8fee648934025a6d5d96bdf680a101,598d17ec200eeb9e27ae829746ccf47c57761bc1
CROP.CORN.COMMERCIAL,2016,grain,112879.1928,bu,479032f8ad3af44c0e5120cf27fc0dec97bf6e94,fe62dee029474d52346542845674529025594056
CROP.SOYBEAN.COMMERCIAL,2014,grain,13059.04785,bu,177980ee0fc6f8d942b7c218497a557ddeefeec7,726cce9d9800d792d1e0fbb83923ac4c6be4f668
CROP.CORN.COMMERCIAL,2016,grain,29448.47528,bu,ed3d9c187d573c0f69e896db96430dcbb17721c6,598d17ec200eeb9e27ae829746ccf47c57761bc1
CROP.SOYBEAN.COMMERCIAL,2014,grain,28681.13329,bu,12e8e0ba6375b5cf8ab231802411666c0c55a150,726cce9d9800d792d1e0fbb83923ac4c6be4f668
CROP.SOYBEAN.COMMERCIAL,2017,grain,11872.25523,bu,12c6fc06c99a462375eeb3f43dfd832b08ca9e17,fe62dee029474d52346542845674529025594056
CROP.CORN.COMMERCIAL,2015,grain,65070.43511,bu,295f94fd307065b54d72fd025e8b476510592c9b,106e6791d0f181b391cde800e74fdc14d529dc0a
CROP.CORN.COMMERCIAL,2016,grain,56396.37366,bu,51131ad63306bbb3eeb0de920156180fd68be3c6,598d17ec200eeb9e27ae829746ccf47c57761bc1
CROP.CORN.COMMERCIAL,2017,grain,56080.57508,bu,ce8405c765887b5dfb9f167609ba8610c9a9cd2b,598d17ec200eeb9e27ae829746ccf47c57761bc1
CROP.SOYBEAN.COMMERCIAL,2015,grain,27107.45668,bu,5f826cc116841bfdbca273cebb21f470e602c75f,0966e34316e39217e4f26fbe20fc14e24c26567b
CROP.SOYBEAN.COMMERCIAL,2017,grain,13772.51018,bu,e5e9351797b81a62804e8797386dcb8b5f4be891,598d17ec200eeb9e27ae829746ccf47c57761bc1
CROP.SOYBEAN.COMMERCIAL,2017,grain,1786.815399,bu,b78223432b759dedd332a6662cc614ef3e15b896,598d17ec200eeb9e27ae829746ccf47c57761bc1
CROP.SOYBEAN.COMMERCIAL,2017,grain,12867.51778,bu,6a0a29666d8f8a14360dae95a0369dceb6561c6f,598d17ec200eeb9e27ae829746ccf47c57761bc1
CROP.CORN.COMMERCIAL,2016,grain,61513.35756,bu,2b67e4d4271e5e1f189443e9370144d1c5a238aa,598d17ec200eeb9e27ae829746ccf47c57761bc1
CROP.CORN.COMMERCIAL,2015,grain,23894.10485,bu,0dd926eb22935abce9d072635fa3301d11ca51ad,0966e34316e39217e4f26fbe20fc14e24c26567b
CROP.SOYBEAN.COMMERCIAL,2015,grain,7316.440375,bu,a12eb00a8434d1f2f0f5819c2c644fa09793a333,726cce9d9800d792d1e0fbb83923ac4c6be4f668
CROP.SOYBEAN.COMMERCIAL,2016,grain,18644.91819,bu,daeab438051b9d0a654659b7f038f08b44c184af,598d17ec200eeb9e27ae829746ccf47c57761bc1
CROP.CORN.COMMERCIAL,2016,grain,99504.66291,bu,643a0e8179a153aceafaff1307c9bc829ab398c6,fe62dee029474d52346542845674529025594056
CROP.SOYBEAN.COMMERCIAL,2017,grain,13688.92213,bu,05c019814ed3ff2c61eb97e267543564d23dd557,2498aa02bfe5084932147db868715faf88ffcb41
CROP.CORN.COMMERCIAL,2015,grain,22976.25718,bu,0ed36c4cebc9422c09599331d19995cf6410b513,0966e34316e39217e4f26fbe20fc14e24c26567b
CROP.CORN.COMMERCIAL,2015,grain,131033.9331,bu,3ecb07dfe2886a452d827ba5be310bef04548353,0966e34316e39217e4f26fbe20fc14e24c26567b
CROP.CORN.COMMERCIAL,2016,grain,57310.0386,bu,3448ab07e88349c86cc5d8d0eb3a9538e63e647d,106e6791d0f181b391cde800e74fdc14d529dc0a
CROP.CORN.COMMERCIAL,2015,grain,31137.44898,bu,769f173c007cadfd961696f2c3cff175da480678,0966e34316e39217e4f26fbe20fc14e24c26567b
CROP.CORN.COMMERCIAL,2016,grain,34450.44089,bu,36ad9561acb97f30194e784a297f011542f59433,598d17ec200eeb9e27ae829746ccf47c57761bc1
CROP.SOYBEAN.COMMERCIAL,2017,grain,5437.648477,bu,acae71f7ed099a11cb511918d1be78df470139c5,598d17ec200eeb9e27ae829746ccf47c57761bc1
CROP.CORN.COMMERCIAL,2015,grain,170625.4329,bu,42352eb4d6f767b18afdd56d13f9abe653514d7d,598d17ec200eeb9e27ae829746ccf47c57761bc1
CROP.CORN.COMMERCIAL,2015,grain,13651.31855,bu,17ba0791499db908433b80f37c5fbc89b870084b,fe62dee029474d52346542845674529025594056
CROP.CORN.COMMERCIAL,2015,grain,43573.9541,bu,315645c27aa18fb735ae335b0e42692ac62e0558,726cce9d9800d792d1e0fbb83923ac4c6be4f668
CROP.SOYBEAN.COMMERCIAL,2014,grain,23030.85354,bu,efefc9519f82ea868be1741749c399d235d34c2c,726cce9d9800d792d1e0fbb83923ac4c6be4f668
CROP.CORN.COMMERCIAL,2015,grain,36016.71461,bu,c81eabfac15c03c8867033b500b510272b22d621,726cce9d9800d792d1e0fbb83923ac4c6be4f668
CROP.CORN.COMMERCIAL,2015,grain,25254.76426,bu,479032f8ad3af44c0e5120cf27fc0dec97bf6e94,fe62dee029474d52346542845674529025594056
CROP.SOYBEAN.COMMERCIAL,2017,grain,23129.1733,bu,6a91478980fbdf4d9229ae3a1174e3f90c50c63e,598d17ec200eeb9e27ae829746ccf47c57761bc1
CROP.CORN.COMMERCIAL,2017,grain,58674.32622,bu,606ec6e9bd8a8ff2ad14e5fade3f264471e82251,106e6791d0f181b391cde800e74fdc14d529dc0a
CROP.SOYBEAN.COMMERCIAL,2016,grain,7258.481094,bu,fcd0248878ee8a137d57a8dc8f480436804e2189,598d17ec200eeb9e27ae829746ccf47c57761bc1
CROP.CORN.COMMERCIAL,2016,grain,36602.52366,bu,3145985e8b8fee648934025a6d5d96bdf680a101,598d17ec200eeb9e27ae829746ccf47c57761bc1
CROP.CORN.COMMERCIAL,2015,grain,85902.56935,bu,ad7fa9fbe97f824282ac4d3b417fe0c69c175e34,fe62dee029474d52346542845674529025594056
CROP.CORN.COMMERCIAL,2017,grain,70707.41453,bu,88eed2e1356b84e6610ebfaeb70c8574a5715b92,106e6791d0f181b391cde800e74fdc14d529dc0a
CROP.CORN.COMMERCIAL,2016,grain,8554.555139,bu,a09813a9a38ac2b4fabba244175f9c685ab85a2a,462c9ed4acd1c1b5ec3b130f3101b54cd5a66bfb
CROP.CORN.COMMERCIAL,2017,grain,8785.625665,bu,fcd0248878ee8a137d57a8dc8f480436804e2189,598d17ec200eeb9e27ae829746ccf47c57761bc1
CROP.CORN.COMMERCIAL,2016,grain,44195.94808,bu,f00ee652e072f384295e0c613eae882e2b075768,462c9ed4acd1c1b5ec3b130f3101b54cd5a66bfb
CROP.CORN.COMMERCIAL,2017,grain,118480.5666,bu,80814cf4aeb6592ebaac8e8ee16fce0792544976,bb2187d34c27359e4e0c513ba47b0451c42907e9
CROP.CORN.COMMERCIAL,2015,grain,18842.93342,bu,17ba0791499db908433b80f37c5fbc89b870084b,fe62dee029474d52346542845674529025594056
CROP.CORN.COMMERCIAL,2017,grain,85499.57344,bu,17ba0791499db908433b80f37c5fbc89b870084b,fe62dee029474d52346542845674529025594056
CROP.CORN.COMMERCIAL,2015,grain,10447.39117,bu,f3997889142dbd3aa390fb7d1ce33373eb768de5,106e6791d0f181b391cde800e74fdc14d529dc0a
CROP.CORN.COMMERCIAL,2014,grain,61716.61694,bu,c0bc76afd8a68866cbacda59ff3ef73f06eaf480,ced5d63baaa0323be6503a0fa952c684ddce8745
CROP.CORN.COMMERCIAL,2015,grain,36115.49526,bu,17ba0791499db908433b80f37c5fbc89b870084b,fe62dee029474d52346542845674529025594056
CROP.SOYBEAN.COMMERCIAL,2017,grain,4341.205051,bu,55de88709232ec03a7618ceae9b2248419fdc862,598d17ec200eeb9e27ae829746ccf47c57761bc1
CROP.CORN.COMMERCIAL,2017,grain,41154.98592,bu,c612cc37cbe0bce705c851c59193bfc0b188a959,fe62dee029474d52346542845674529025594056
CROP.CORN.COMMERCIAL,2017,grain,43974.56481,bu,6735286b4dcaf5d2384816f5eb6d7b817a08087b,1d427ae4148dfebbd56f904a0de246fd89712cf0
CROP.SOYBEAN.COMMERCIAL,2016,grain,4641.040164,bu,4acf2d77af0d2a23020b0e33416f0f911435b6fb,598d17ec200eeb9e27ae829746ccf47c57761bc1
CROP.CORN.COMMERCIAL,2015,grain,42252.99902,bu,fdfe8207d8854099e09c1d58ddf7014b67f84351,598d17ec200eeb9e27ae829746ccf47c57761bc1
CROP.CORN.COMMERCIAL,2017,grain,15515.12767,bu,17ba0791499db908433b80f37c5fbc89b870084b,fe62dee029474d52346542845674529025594056
CROP.CORN.COMMERCIAL,2016,grain,1728.620434,bu,6a0a29666d8f8a14360dae95a0369dceb6561c6f,598d17ec200eeb9e27ae829746ccf47c57761bc1
CROP.SOYBEAN.COMMERCIAL,2017,grain,10959.96039,bu,427a6b025ef66fc4836d29b98b95c960fe08e378,598d17ec200eeb9e27ae829746ccf47c57761bc1
CROP.CORN.COMMERCIAL,2016,grain,62898.46705,bu,b79c64434ae3f15a570da278b79f688253c6d9a8,462c9ed4acd1c1b5ec3b130f3101b54cd5a66bfb
CROP.CORN.COMMERCIAL,2015,grain,10355.82725,bu,4d5b90ee18d570ec6b0dc27f64e44ee714b71d72,fe62dee029474d52346542845674529025594056
CROP.CORN.COMMERCIAL,2017,grain,108968.6069,bu,2ddd1b7314344df9dfe64a2df07c15848174cd24,fe62dee029474d52346542845674529025594056
CROP.CORN.COMMERCIAL,2016,grain,29460.45553,bu,396eaf77e4048a0c54a12f5ccb988b0702d0e10c,598d17ec200eeb9e27ae829746ccf47c57761bc1
CROP.CORN.COMMERCIAL,2017,grain,104642.7314,bu,1c1caf82f398c9e5dbfeaf116413b27070d49268,ced5d63baaa0323be6503a0fa952c684ddce8745
CROP.SOYBEAN.COMMERCIAL,2014,grain,9155.537097,bu,7918c722bf8c5bf47d3f06ab61ee7f16c90a2887,106e6791d0f181b391cde800e74fdc14d529dc0a
CROP.CORN.COMMERCIAL,2015,grain,6326.222728,bu,178feffbc01dd61b3c4afed7dbe93da9d5be38d9,726cce9d9800d792d1e0fbb83923ac4c6be4f668
CROP.CORN.COMMERCIAL,2015,grain,60174.463,bu,a45572f89b287b6bb219ddfc3320f0d842c0668e,0966e34316e39217e4f26fbe20fc14e24c26567b
CROP.CORN.COMMERCIAL,2017,grain,105821.2284,bu,17ba0791499db908433b80f37c5fbc89b870084b,fe62dee029474d52346542845674529025594056
CROP.SOYBEAN.COMMERCIAL,2015,grain,22322.903,bu,0d6715908b7df72d546bcc6ebf5fd54fe8a9b958,dcf70d3a931a836d948e93429eb7dd4a9c9c718e
CROP.CORN.COMMERCIAL,2015,grain,104495.9662,bu,17ba0791499db908433b80f37c5fbc89b870084b,fe62dee029474d52346542845674529025594056
CROP.SOYBEAN.COMMERCIAL,2014,grain,29828.50386,bu,790456c61a24b82fdf2acd866fe9722919cb6358,726cce9d9800d792d1e0fbb83923ac4c6be4f668
CROP.CORN.COMMERCIAL,2015,grain,56977.71183,bu,8ba906706d40e0a9388e9300c896213b17c07fe1,726cce9d9800d792d1e0fbb83923ac4c6be4f668
CROP.CORN.COMMERCIAL,2015,grain,29407.24221,bu,9713fdcb2ec5f9923f9aa99557a4deb89a994cde,598d17ec200eeb9e27ae829746ccf47c57761bc1
CROP.SOYBEAN.COMMERCIAL,2015,grain,4818.71827,bu,fce9edd1be59a3ea7de72a19545c3c98f83a8e13,0966e34316e39217e4f26fbe20fc14e24c26567b
CROP.SOYBEAN.COMMERCIAL,2015,grain,9128.39691,bu,67d09b0030068eca4ae858121d513c7a9bd5970c,726cce9d9800d792d1e0fbb83923ac4c6be4f668
CROP.CORN.COMMERCIAL,2017,grain,41530.57033,bu,9dbaffe968f8b893078eefd7751f53bb2f71d6be,598d17ec200eeb9e27ae829746ccf47c57761bc1
CROP.SOYBEAN.COMMERCIAL,2017,grain,34211.43031,bu,5d46bf793f8b21b368a8a2b78862bb9c4a8310da,598d17ec200eeb9e27ae829746ccf47c57761bc1
CROP.CORN.COMMERCIAL,2015,grain,83996.25173,bu,69c89b5ddcff7650cd0f9d55843dc33a1dd9f613,598d17ec200eeb9e27ae829746ccf47c57761bc1
CROP.SOYBEAN.COMMERCIAL,2015,grain,12737.02801,bu,9e9c8e4268a5c8a1e7b33c2c768def1eed7d112a,598d17ec200eeb9e27ae829746ccf47c57761bc1
CROP.CORN.COMMERCIAL,2015,grain,120516.6122,bu,51131ad63306bbb3eeb0de920156180fd68be3c6,598d17ec200eeb9e27ae829746ccf47c57761bc1
CROP.SOYBEAN.COMMERCIAL,2017,grain,4850.105185,bu,9713fdcb2ec5f9923f9aa99557a4deb89a994cde,598d17ec200eeb9e27ae829746ccf47c57761bc1
CROP.SOYBEAN.COMMERCIAL,2015,grain,7575.507212,bu,bb3288e0ae109cf2ff0680d3eb4320744da0a3b5,0966e34316e39217e4f26fbe20fc14e24c26567b
CROP.CORN.COMMERCIAL,2015,grain,32925.75777,bu,a7a594dba3e25f7f4777042254dfd966214ca5cb,0966e34316e39217e4f26fbe20fc14e24c26567b
CROP.CORN.COMMERCIAL,2016,grain,27083.36711,bu,0cc1b0a8c09d8bb4ba14b926e63e5ad590c159b4,598d17ec200eeb9e27ae829746ccf47c57761bc1
CROP.CORN.COMMERCIAL,2016,grain,55370.7458,bu,b25ddb082807ff10842b24af3397decd61eb446b,598d17ec200eeb9e27ae829746ccf47c57761bc1
CROP.CORN.COMMERCIAL,2014,grain,66172.0879,bu,fb61c1795ca1134a7e2e5a365928075153bc39f7,fe62dee029474d52346542845674529025594056
CROP.SOYBEAN.COMMERCIAL,2015,grain,7387.169867,bu,c8bbed71d087906e4220f80842423ddd0c3a24eb,0966e34316e39217e4f26fbe20fc14e24c26567b
CROP.CORN.COMMERCIAL,2017,grain,78558.63097,bu,b578e6be1ede28c8999d8d0da70ab8a80bdbcd53,598d17ec200eeb9e27ae829746ccf47c57761bc1
CROP.CORN.COMMERCIAL,2016,grain,4615.742243,bu,acae71f7ed099a11cb511918d1be78df470139c5,598d17ec200eeb9e27ae829746ccf47c57761bc1
CROP.CORN.COMMERCIAL,2015,grain,79421.07391,bu,1c76c34b420a86f361f5e307f03f7357197681c7,fe62dee029474d52346542845674529025594056
CROP.SOYBEAN.COMMERCIAL,2014,grain,34894.25241,bu,6c72c2cb8ac35f84e4cab5d22a9eb3c2e5783e69,106e6791d0f181b391cde800e74fdc14d529dc0a
CROP.CORN.COMMERCIAL,2015,grain,128109.8751,bu,dd0bde9a97b5e53d8987732d67c927bd8ddbae35,2a7365d841e79f504f0c5c55267a87f501e4d1e4
CROP.CORN.COMMERCIAL,2014,grain,92150.03841,bu,8e17580ff2a3fba21f19d533a34aa4b1ae628ee3,106e6791d0f181b391cde800e74fdc14d529dc0a
CROP.CORN.COMMERCIAL,2016,grain,38039.04254,bu,f78ee42b959d70983003027b2155344ae96c3fdb,462c9ed4acd1c1b5ec3b130f3101b54cd5a66bfb
CROP.CORN.COMMERCIAL,2015,grain,13069.3546,bu,82fe9486ee2491f15a25da2f13ee42b54b5660f7,0966e34316e39217e4f26fbe20fc14e24c26567b
CROP.CORN.COMMERCIAL,2015,grain,102132.9919,bu,ed892798892fbc43f7241677dfd67bd1d1441ad8,0966e34316e39217e4f26fbe20fc14e24c26567b
CROP.SOYBEAN.COMMERCIAL,2015,grain,13903.15187,bu,5d46bf793f8b21b368a8a2b78862bb9c4a8310da,598d17ec200eeb9e27ae829746ccf47c57761bc1
CROP.SOYBEAN.COMMERCIAL,2015,grain,22637.37061,bu,b78223432b759dedd332a6662cc614ef3e15b896,598d17ec200eeb9e27ae829746ccf47c57761bc1
CROP.CORN.COMMERCIAL,2014,grain,44175.84331,bu,0fb5444d94284696e133f8da830f054d6e9c7ea2,ced5d63baaa0323be6503a0fa952c684ddce8745
CROP.CORN.COMMERCIAL,2017,grain,101972.6855,bu,00ed44d041d6b0f8a538b2815fdb34b2dcee329c,598d17ec200eeb9e27ae829746ccf47c57761bc1
CROP.CORN.COMMERCIAL,2015,grain,25081.55914,bu,b1317c265f61658811844dd8afa6a782677ff0b5,106e6791d0f181b391cde800e74fdc14d529dc0a
CROP.CORN.COMMERCIAL,2015,grain,73386.12595,bu,aa4f77f51877dcb2894b5c34f62dd65c43edfa02,0966e34316e39217e4f26fbe20fc14e24c26567b
CROP.CORN.COMMERCIAL,2016,grain,78394.53672,bu,17ba0791499db908433b80f37c5fbc89b870084b,fe62dee029474d52346542845674529025594056
CROP.CORN.COMMERCIAL,2015,grain,94969.54603,bu,1a49329d95f4212cad1465abd97fe2b02b2d4e59,0966e34316e39217e4f26fbe20fc14e24c26567b
CROP.CORN.COMMERCIAL,2016,grain,24897.49006,bu,33471815b9e19098d4ce3b6758b8f277ae7a4be9,fe62dee029474d52346542845674529025594056
CROP.CORN.COMMERCIAL,2015,grain,27527.94078,bu,11ae1790351279c8c04f3d2d7f0331872814a0a3,726cce9d9800d792d1e0fbb83923ac4c6be4f668
CROP.CORN.COMMERCIAL,2017,grain,32062.58508,bu,b712ac1d4550a50dba54876abbfa22112c7e67fa,2ec53b20e3a9f6ff73d290ef3e8e8f30a2a30235
CROP.CORN.COMMERCIAL,2015,grain,80323.29912,bu,26721831498d576e84113c08f678a02921c5a63e,fe62dee029474d52346542845674529025594056
CROP.SOYBEAN.COMMERCIAL,2017,grain,7323.47409,bu,03074faf1987f5325db3e511880d28a582293c64,fe62dee029474d52346542845674529025594056
CROP.CORN.COMMERCIAL,2016,grain,13354.20757,bu,17ba0791499db908433b80f37c5fbc89b870084b,fe62dee029474d52346542845674529025594056
CROP.CORN.COMMERCIAL,2016,grain,55495.12153,bu,6682442ec01eee124d9a2b40f049d2036596b969,598d17ec200eeb9e27ae829746ccf47c57761bc1
CROP.CORN.COMMERCIAL,2016,grain,29675.97981,bu,fa2e631ada6896a07feec8520cdee0e2c40b8f9c,fe62dee029474d52346542845674529025594056
CROP.SOYBEAN.COMMERCIAL,2017,grain,13813.30279,bu,ead54fc4085fba5da57ad64a34e8456d84ce1020,1d427ae4148dfebbd56f904a0de246fd89712cf0
CROP.SOYBEAN.COMMERCIAL,2017,grain,71285.65541,bu,ad7fa9fbe97f824282ac4d3b417fe0c69c175e34,fe62dee029474d52346542845674529025594056
CROP.CORN.COMMERCIAL,2016,grain,12572.33297,bu,c064f9a97c867c8596c916ad718d96c5ffa9e44c,598d17ec200eeb9e27ae829746ccf47c57761bc1
CROP.CORN.COMMERCIAL,2015,grain,42103.97707,bu,a620ca92bb4f0a8daaabfa8f198008da3313f9b7,0966e34316e39217e4f26fbe20fc14e24c26567b
CROP.CORN.COMMERCIAL,2015,grain,60454.79689,bu,8ae02a0435770133ab5db0512da97432f08e2040,2a7365d841e79f504f0c5c55267a87f501e4d1e4
CROP.SOYBEAN.COMMERCIAL,2015,grain,25239.63525,bu,b5ec6e3f6b7c589fb346987575673e2ed978c909,726cce9d9800d792d1e0fbb83923ac4c6be4f668
CROP.CORN.COMMERCIAL,2015,grain,74601.54274,bu,e06184ca39096dc276df72191cb5fb05b83ba1e6,0966e34316e39217e4f26fbe20fc14e24c26567b
CROP.SOYBEAN.COMMERCIAL,2015,grain,22981.27231,bu,1be078f7acaac4af4e74389d0607a5ae4d35e741,598d17ec200eeb9e27ae829746ccf47c57761bc1
CROP.CORN.COMMERCIAL,2015,grain,64644.18053,bu,98e85d8a9a8654d60c0052b0726fbd8948f646b5,fe62dee029474d52346542845674529025594056
CROP.CORN.COMMERCIAL,2015,grain,29582.64444,bu,17ba0791499db908433b80f37c5fbc89b870084b,fe62dee029474d52346542845674529025594056
CROP.SOYBEAN.COMMERCIAL,2015,grain,47402.86659,bu,12e8e0ba6375b5cf8ab231802411666c0c55a150,726cce9d9800d792d1e0fbb83923ac4c6be4f668
CROP.SOYBEAN.COMMERCIAL,2014,grain,6913.706198,bu,a75d5706275a773d0c4a4697783e9a8421a06844,726cce9d9800d792d1e0fbb83923ac4c6be4f668
CROP.CORN.COMMERCIAL,2015,grain,52615.15327,bu,295f94fd307065b54d72fd025e8b476510592c9b,106e6791d0f181b391cde800e74fdc14d529dc0a
CROP.CORN.COMMERCIAL,2016,grain,43191.0641,bu,fdfe8207d8854099e09c1d58ddf7014b67f84351,598d17ec200eeb9e27ae829746ccf47c57761bc1
CROP.CORN.COMMERCIAL,2016,grain,32640.38556,bu,8378fea88475b5a0e1d1de770fb2757613309c33,b3bd5efa1dbecf1a1a564b8bc6303c4a2c162fb1
CROP.CORN.COMMERCIAL,2015,grain,43705.17824,bu,d86416f15046fe3e24bc4efecc70abfdee760f57,598d17ec200eeb9e27ae829746ccf47c57761bc1
CROP.CORN.COMMERCIAL,2016,grain,34851.52255,bu,a52982ad52873e6bea457b1c42d9c9b07b70fbfa,fe62dee029474d52346542845674529025594056
CROP.SOYBEAN.COMMERCIAL,2015,grain,3717.474167,bu,76b37aed09ffb990d57ab0386dda883110fcd00a,0966e34316e39217e4f26fbe20fc14e24c26567b
CROP.SOYBEAN.COMMERCIAL,2015,grain,1431.279888,bu,c01c35b6bc4083b83ab33ef7c57d22fbff654ed2,0966e34316e39217e4f26fbe20fc14e24c26567b
CROP.CORN.COMMERCIAL,2015,grain,65499.28266,bu,00ed44d041d6b0f8a538b2815fdb34b2dcee329c,598d17ec200eeb9e27ae829746ccf47c57761bc1
CROP.SOYBEAN.COMMERCIAL,2015,grain,7783.826215,bu,baea4c608ac69f74b3b11c16d3cd43938eba933a,0966e34316e39217e4f26fbe20fc14e24c26567b
CROP.SOYBEAN.COMMERCIAL,2015,grain,10635.59545,bu,ed3d9c187d573c0f69e896db96430dcbb17721c6,598d17ec200eeb9e27ae829746ccf47c57761bc1
CROP.CORN.COMMERCIAL,2017,grain,17157.93951,bu,7e48ef5533a7cb151a12d088c615d3d13e0dfa7d,bb2187d34c27359e4e0c513ba47b0451c42907e9
CROP.CORN.COMMERCIAL,2015,grain,137504.9338,bu,641aa6a8dbbd287d0217dcfba9face3f122c4c5b,0966e34316e39217e4f26fbe20fc14e24c26567b
CROP.CORN.COMMERCIAL,2015,grain,142498.1656,bu,0dcbc52dfc51b62c4794c9c53d65a3f751bb9081,726cce9d9800d792d1e0fbb83923ac4c6be4f668
CROP.CORN.COMMERCIAL,2015,grain,95587.72922,bu,99236016a1c4b53b1e32fc6182fbf3e0fdf84f4b,598d17ec200eeb9e27ae829746ccf47c57761bc1
CROP.CORN.COMMERCIAL,2014,grain,94898.36933,bu,62028aeefb81fdd399103823356c3f90fd3912ba,726cce9d9800d792d1e0fbb83923ac4c6be4f668
CROP.SOYBEAN.COMMERCIAL,2017,grain,45375.29862,bu,1803ba0ed01199014be611b89db142bf988b78c3,598d17ec200eeb9e27ae829746ccf47c57761bc1
CROP.CORN.COMMERCIAL,2016,grain,35257.24673,bu,04aa2c573e5e029dc25c2a5ed84df869f5ef7ec6,106e6791d0f181b391cde800e74fdc14d529dc0a
CROP.CORN.COMMERCIAL,2017,grain,100688.1516,bu,fb5482a525e4f32fdaac450e1f538d103cdbe8be,fe62dee029474d52346542845674529025594056
CROP.SOYBEAN.COMMERCIAL,2014,grain,43997.17768,bu,d1fdb5f7aeeac1fe38e570b263b8a876f19ebdae,726cce9d9800d792d1e0fbb83923ac4c6be4f668
CROP.CORN.COMMERCIAL,2015,grain,123792.0753,bu,0cc1b0a8c09d8bb4ba14b926e63e5ad590c159b4,598d17ec200eeb9e27ae829746ccf47c57761bc1
CROP.SOYBEAN.COMMERCIAL,2017,grain,55875.18087,bu,fd72b33016dc565f97e287594573282d0ae29f08,598d17ec200eeb9e27ae829746ccf47c57761bc1
CROP.CORN.COMMERCIAL,2015,grain,24960.58155,bu,790456c61a24b82fdf2acd866fe9722919cb6358,726cce9d9800d792d1e0fbb83923ac4c6be4f668
CROP.CORN.COMMERCIAL,2016,grain,41184.10311,bu,b578e6be1ede28c8999d8d0da70ab8a80bdbcd53,598d17ec200eeb9e27ae829746ccf47c57761bc1
CROP.CORN.COMMERCIAL,2014,grain,58382.72745,bu,42045c558e5ea60a894fd5fbf53479add8bca18d,106e6791d0f181b391cde800e74fdc14d529dc0a
CROP.CORN.COMMERCIAL,2016,grain,28912.78205,bu,478c6e58b93552db51e3f44f6727e5ca5d337b76,598d17ec200eeb9e27ae829746ccf47c57761bc1
CROP.SOYBEAN.COMMERCIAL,2015,grain,8648.618234,bu,918ad95bfe112ff0d55a7b1ca647e90f0fbb3791,fe62dee029474d52346542845674529025594056
CROP.SOYBEAN.COMMERCIAL,2017,grain,6213.262536,bu,dcec1bd06b5b508097ef51bf4e9884f7a3e3fe8f,fe62dee029474d52346542845674529025594056
CROP.CORN.COMMERCIAL,2016,grain,24722.40606,bu,ad937d6d72b7b6737de4e4c8e55fa1212572149b,462c9ed4acd1c1b5ec3b130f3101b54cd5a66bfb
CROP.CORN.COMMERCIAL,2014,grain,57147.52892,bu,8ba906706d40e0a9388e9300c896213b17c07fe1,726cce9d9800d792d1e0fbb83923ac4c6be4f668
CROP.CORN.COMMERCIAL,2015,grain,48129.74915,bu,d1b14c4d69b3e774e1305089e40d0c74873b74b1,0966e34316e39217e4f26fbe20fc14e24c26567b
CROP.CORN.COMMERCIAL,2017,grain,51050.56965,bu,adc04fb840cc319c0a70f4b1e0e5363f2e50d63c,106e6791d0f181b391cde800e74fdc14d529dc0a
CROP.SOYBEAN.COMMERCIAL,2015,grain,22190.66829,bu,17ba0791499db908433b80f37c5fbc89b870084b,fe62dee029474d52346542845674529025594056
CROP.SOYBEAN.COMMERCIAL,2017,grain,8897.314172,bu,d4570d50d512deca12db0b1369a236a4b9a49bb4,2498aa02bfe5084932147db868715faf88ffcb41
CROP.CORN.COMMERCIAL,2016,grain,121133.6293,bu,99236016a1c4b53b1e32fc6182fbf3e0fdf84f4b,598d17ec200eeb9e27ae829746ccf47c57761bc1
CROP.SOYBEAN.COMMERCIAL,2016,grain,15105.68575,bu,e5e9351797b81a62804e8797386dcb8b5f4be891,598d17ec200eeb9e27ae829746ccf47c57761bc1
CROP.CORN.COMMERCIAL,2015,grain,88584.26765,bu,da0d25ff2ac9ee5083562b34bf9f51a06158ce7a,0966e34316e39217e4f26fbe20fc14e24c26567b
CROP.CORN.COMMERCIAL,2017,grain,20696.9537,bu,8ae02a0435770133ab5db0512da97432f08e2040,2a7365d841e79f504f0c5c55267a87f501e4d1e4
CROP.CORN.COMMERCIAL,2016,grain,50857.54443,bu,6c72c2cb8ac35f84e4cab5d22a9eb3c2e5783e69,106e6791d0f181b391cde800e74fdc14d529dc0a
CROP.CORN.COMMERCIAL,2015,grain,42828.03107,bu,3a7239737a3e4fd938314ee0546579a2071e0283,0966e34316e39217e4f26fbe20fc14e24c26567b
CROP.CORN.COMMERCIAL,2017,grain,41065.9085,bu,a11ab706c2f1348764a6a67fd9928c5875c6e543,598d17ec200eeb9e27ae829746ccf47c57761bc1
CROP.CORN.COMMERCIAL,2017,grain,38927.93141,bu,3c7d70dab021c3c7c3c2a4d183abe514e8e32d77,598d17ec200eeb9e27ae829746ccf47c57761bc1
CROP.CORN.COMMERCIAL,2015,grain,149051.8007,bu,933595d2cbf1d9582cabbae117decc207f5e48b8,0966e34316e39217e4f26fbe20fc14e24c26567b
CROP.CORN.COMMERCIAL,2014,grain,50175.07188,bu,09851853e7cd4d6ae686cd549847e9a039d2c91b,fe62dee029474d52346542845674529025594056
CROP.CORN.COMMERCIAL,2017,grain,73178.6285,bu,bce8c62d34da20484c8fdb1f62b9fc7afb3163fa,2498aa02bfe5084932147db868715faf88ffcb41
CROP.CORN.COMMERCIAL,2015,grain,70240.10207,bu,229c3a226370c54b75d706d6f6495d9bd26bc991,726cce9d9800d792d1e0fbb83923ac4c6be4f668
CROP.SOYBEAN.COMMERCIAL,2015,grain,10913.89978,bu,8829979bca163c948d407fe1b11d91c89a2c77bd,0966e34316e39217e4f26fbe20fc14e24c26567b
CROP.CORN.COMMERCIAL,2015,grain,76030.6797,bu,381800586f35c958f5d10fcd1073613005896a50,fe62dee029474d52346542845674529025594056
CROP.CORN.COMMERCIAL,2015,grain,70695.19337,bu,84dfbd904feb88f18464430b17dafe47fe86ff36,598d17ec200eeb9e27ae829746ccf47c57761bc1
CROP.CORN.COMMERCIAL,2015,grain,60927.04784,bu,19d1704d0f250982cfb4ca34456ba5e9b3030793,106e6791d0f181b391cde800e74fdc14d529dc0a
CROP.CORN.COMMERCIAL,2017,grain,74091.6135,bu,16a2f8c764357b350bf23545abf0aac2c5be2c97,fe62dee029474d52346542845674529025594056
CROP.SOYBEAN.COMMERCIAL,2017,grain,37822.76252,bu,cb0575a03b83d7234b74a8dbb1022b42ff17dcc6,598d17ec200eeb9e27ae829746ccf47c57761bc1
CROP.CORN.COMMERCIAL,2016,grain,40381.64924,bu,6a91478980fbdf4d9229ae3a1174e3f90c50c63e,598d17ec200eeb9e27ae829746ccf47c57761bc1
CROP.CORN.COMMERCIAL,2015,grain,34321.30613,bu,0f6fc21fe4ea2504732646df3412362a0c3440e1,726cce9d9800d792d1e0fbb83923ac4c6be4f668
CROP.SOYBEAN.COMMERCIAL,2015,grain,43110.9043,bu,66c8219e261db0725119e063856df55a1f0f14b3,598d17ec200eeb9e27ae829746ccf47c57761bc1
CROP.CORN.COMMERCIAL,2014,grain,28576.46098,bu,c81eabfac15c03c8867033b500b510272b22d621,726cce9d9800d792d1e0fbb83923ac4c6be4f668
CROP.SOYBEAN.COMMERCIAL,2015,grain,8792.377988,bu,82b82a533543b08859a0a428b7425feb32757d29,598d17ec200eeb9e27ae829746ccf47c57761bc1
CROP.CORN.COMMERCIAL,2015,grain,11316.2898,bu,c81eabfac15c03c8867033b500b510272b22d621,726cce9d9800d792d1e0fbb83923ac4c6be4f668
CROP.CORN.COMMERCIAL,2015,grain,46866.25582,bu,60677ec3b1c3e5f45e6780e633d88a640d486101,106e6791d0f181b391cde800e74fdc14d529dc0a
CROP.CORN.COMMERCIAL,2016,grain,14472.89443,bu,b1e493ac8a1760597dd7bd7c1e12541b43e7e51a,598d17ec200eeb9e27ae829746ccf47c57761bc1
CROP.CORN.COMMERCIAL,2015,grain,24491.4319,bu,3c7d70dab021c3c7c3c2a4d183abe514e8e32d77,598d17ec200eeb9e27ae829746ccf47c57761bc1
CROP.CORN.COMMERCIAL,2016,grain,78405.8987,bu,5d46bf793f8b21b368a8a2b78862bb9c4a8310da,598d17ec200eeb9e27ae829746ccf47c57761bc1
CROP.SOYBEAN.COMMERCIAL,2015,grain,4313.42898,bu,075041a114b9768612d10b7ea78b3d8cba71521c,598d17ec200eeb9e27ae829746ccf47c57761bc1
CROP.CORN.COMMERCIAL,2015,grain,16181.33048,bu,17ba0791499db908433b80f37c5fbc89b870084b,fe62dee029474d52346542845674529025594056
CROP.CORN.COMMERCIAL,2014,grain,67743.99159,bu,7918c722bf8c5bf47d3f06ab61ee7f16c90a2887,106e6791d0f181b391cde800e74fdc14d529dc0a
CROP.SOYBEAN.COMMERCIAL,2017,grain,12857.53892,bu,a2dcde23ea04f59059d34bd0ce99de6d03e5028a,1d427ae4148dfebbd56f904a0de246fd89712cf0
CROP.CORN.COMMERCIAL,2016,grain,80421.42103,bu,3c7d70dab021c3c7c3c2a4d183abe514e8e32d77,598d17ec200eeb9e27ae829746ccf47c57761bc1
CROP.CORN.COMMERCIAL,2016,grain,70497.70882,bu,ed7e44f184a071a25c905e1ee9f73c6741e0bd01,598d17ec200eeb9e27ae829746ccf47c57761bc1
CROP.CORN.COMMERCIAL,2015,grain,52085.59664,bu,c81eabfac15c03c8867033b500b510272b22d621,726cce9d9800d792d1e0fbb83923ac4c6be4f668
CROP.CORN.COMMERCIAL,2015,grain,80549.44952,bu,62028aeefb81fdd399103823356c3f90fd3912ba,726cce9d9800d792d1e0fbb83923ac4c6be4f668
CROP.SOYBEAN.COMMERCIAL,2015,grain,22472.44397,bu,cb0575a03b83d7234b74a8dbb1022b42ff17dcc6,598d17ec200eeb9e27ae829746ccf47c57761bc1
CROP.CORN.COMMERCIAL,2016,grain,57373.67782,bu,9e9c8e4268a5c8a1e7b33c2c768def1eed7d112a,598d17ec200eeb9e27ae829746ccf47c57761bc1
CROP.CORN.COMMERCIAL,2016,grain,91940.04811,bu,52188e8908e39d965925b640a8995538de30de0a,598d17ec200eeb9e27ae829746ccf47c57761bc1
CROP.CORN.COMMERCIAL,2015,grain,74373.44019,bu,62ea71539dad5f47c46ab72672bcddecbe47b4e6,0966e34316e39217e4f26fbe20fc14e24c26567b
CROP.CORN.COMMERCIAL,2017,grain,1937.361798,bu,cda306e104b49f08dafdcc3f0ae8f34a2a265ba0,fe62dee029474d52346542845674529025594056
CROP.CORN.COMMERCIAL,2017,grain,75136.80095,bu,16a2f8c764357b350bf23545abf0aac2c5be2c97,fe62dee029474d52346542845674529025594056
CROP.CORN.COMMERCIAL,2017,grain,50083.54171,bu,dffb82020c578d8df64400c5840b05da71dc2166,fe62dee029474d52346542845674529025594056
CROP.CORN.COMMERCIAL,2017,grain,4598.423711,bu,b1e493ac8a1760597dd7bd7c1e12541b43e7e51a,598d17ec200eeb9e27ae829746ccf47c57761bc1
CROP.SOYBEAN.COMMERCIAL,2015,grain,26900.30558,bu,3e9763bc48ac362d45ed6ea6a8035b7e515424ac,0966e34316e39217e4f26fbe20fc14e24c26567b
CROP.CORN.COMMERCIAL,2017,grain,120270.7102,bu,1a52173707ec6b114ffc8b33be3043eca43f2eb4,fe62dee029474d52346542845674529025594056
CROP.SOYBEAN.COMMERCIAL,2016,grain,6497.01414,bu,efc62bd0e34322ab7dcd0a67f1577f2c55752da7,fe62dee029474d52346542845674529025594056
CROP.CORN.COMMERCIAL,2016,grain,63889.70088,bu,8a6c9e8450dca9bcbb0587615af19832d8ef3569,598d17ec200eeb9e27ae829746ccf47c57761bc1
CROP.CORN.COMMERCIAL,2016,grain,42528.79881,bu,e092fbdd0996a08f5a9dc28a0b1ed1f37b18224f,598d17ec200eeb9e27ae829746ccf47c57761bc1
CROP.CORN.COMMERCIAL,2015,grain,97972.4667,bu,cf03501f21bed7e8a83f98419fad7a37c1618ab5,0966e34316e39217e4f26fbe20fc14e24c26567b
CROP.CORN.COMMERCIAL,2016,grain,59249.68507,bu,6c72c2cb8ac35f84e4cab5d22a9eb3c2e5783e69,106e6791d0f181b391cde800e74fdc14d529dc0a
CROP.CORN.COMMERCIAL,2017,grain,4825.418669,bu,3cb8bbd31273bf78fe76e19459713d7a20773ddb,7853306a8cfa951541aef8f4f8374ad845894a4a
CROP.SOYBEAN.COMMERCIAL,2015,grain,2142.73145,bu,c064f9a97c867c8596c916ad718d96c5ffa9e44c,598d17ec200eeb9e27ae829746ccf47c57761bc1
CROP.CORN.COMMERCIAL,2016,grain,132044.6857,bu,17ba0791499db908433b80f37c5fbc89b870084b,fe62dee029474d52346542845674529025594056
CROP.CORN.COMMERCIAL,2015,grain,76017.57964,bu,5114f00a12710fde441de7d2e03bb2916cee21a1,598d17ec200eeb9e27ae829746ccf47c57761bc1
CROP.CORN.COMMERCIAL,2017,grain,36973.33092,bu,79023b9325f737b345039aa9c3bf416f066f4136,106e6791d0f181b391cde800e74fdc14d529dc0a
CROP.SOYBEAN.COMMERCIAL,2017,grain,9740.000543,bu,ed5925414c882633205cadfd0becc5481570a541,598d17ec200eeb9e27ae829746ccf47c57761bc1
CROP.CORN.COMMERCIAL,2016,grain,34502.0977,bu,82b82a533543b08859a0a428b7425feb32757d29,598d17ec200eeb9e27ae829746ccf47c57761bc1
CROP.SOYBEAN.COMMERCIAL,2016,grain,38391.61817,bu,144e921473ad6fb5dd9c07d16434415b44065b76,dcf70d3a931a836d948e93429eb7dd4a9c9c718e
CROP.CORN.COMMERCIAL,2017,grain,81862.85211,bu,9447d037281c3aa661777cdf2a78e244d14012c0,9f82bb949b4be165331106bfed87ea4f1e44fcd8
CROP.SOYBEAN.COMMERCIAL,2015,grain,14244.71981,bu,9d2e94f13dd91bd8c932da1be055cd4158e8f16b,0966e34316e39217e4f26fbe20fc14e24c26567b
CROP.SOYBEAN.COMMERCIAL,2017,grain,33648.32183,bu,841273e6e5fc30584ce347b7a4769e62bacab800,2498aa02bfe5084932147db868715faf88ffcb41
CROP.CORN.COMMERCIAL,2017,grain,31007.78267,bu,36ad9561acb97f30194e784a297f011542f59433,598d17ec200eeb9e27ae829746ccf47c57761bc1
CROP.CORN.COMMERCIAL,2017,grain,57714.23569,bu,0cc1b0a8c09d8bb4ba14b926e63e5ad590c159b4,598d17ec200eeb9e27ae829746ccf47c57761bc1
CROP.CORN.COMMERCIAL,2015,grain,87429.83922,bu,36ad9561acb97f30194e784a297f011542f59433,598d17ec200eeb9e27ae829746ccf47c57761bc1
CROP.CORN.COMMERCIAL,2015,grain,63449.95308,bu,52188e8908e39d965925b640a8995538de30de0a,598d17ec200eeb9e27ae829746ccf47c57761bc1
CROP.CORN.COMMERCIAL,2017,grain,80485.95104,bu,90c415b0c7b5ee9d3e769e8f5a5fe18537fe9e9b,598d17ec200eeb9e27ae829746ccf47c57761bc1
CROP.CORN.COMMERCIAL,2014,grain,74964.23125,bu,aaeab87381522227199fe3d1a71e0741826abad2,106e6791d0f181b391cde800e74fdc14d529dc0a
CROP.CORN.COMMERCIAL,2014,grain,160429.358,bu,a12eb00a8434d1f2f0f5819c2c644fa09793a333,726cce9d9800d792d1e0fbb83923ac4c6be4f668
CROP.CORN.COMMERCIAL,2014,grain,92443.14058,bu,f60d9d8c5f2af39bb4bfac7cb1f435989e6d84ce,106e6791d0f181b391cde800e74fdc14d529dc0a
CROP.SOYBEAN.COMMERCIAL,2016,grain,18624.22293,bu,f8f190fab49bb29a011885d6b1c7d7b1471fcb13,fe62dee029474d52346542845674529025594056
CROP.CORN.COMMERCIAL,2015,grain,140762.0564,bu,6c72c2cb8ac35f84e4cab5d22a9eb3c2e5783e69,106e6791d0f181b391cde800e74fdc14d529dc0a
CROP.CORN.COMMERCIAL,2017,grain,105397.6293,bu,0540bd0e53dbd83c74197f7419c398f4bc110170,564e50b68ab1574426851440c6e42ae5022a5a74
CROP.CORN.COMMERCIAL,2015,grain,75497.21487,bu,e5e9351797b81a62804e8797386dcb8b5f4be891,598d17ec200eeb9e27ae829746ccf47c57761bc1
CROP.CORN.COMMERCIAL,2017,grain,52562.80766,bu,a17cec4433a71722240d5ab3d3287d96b3d23110,598d17ec200eeb9e27ae829746ccf47c57761bc1
CROP.CORN.COMMERCIAL,2014,grain,48149.25524,bu,f06c46fe892d3c5b6857fedb2e2d98404a7acbaf,726cce9d9800d792d1e0fbb83923ac4c6be4f668
CROP.SOYBEAN.COMMERCIAL,2015,grain,5711.641795,bu,d671c3cc2a5bf60043a026c876220869b56537ee,0966e34316e39217e4f26fbe20fc14e24c26567b
CROP.CORN.COMMERCIAL,2015,grain,34694.21944,bu,d64f46e52ae55b85c21ab96be025236df9687773,fe62dee029474d52346542845674529025594056
CROP.CORN.COMMERCIAL,2015,grain,57207.52209,bu,07a673326823d0b81a940c4b555622f149451e75,598d17ec200eeb9e27ae829746ccf47c57761bc1
CROP.CORN.COMMERCIAL,2014,grain,71667.16752,bu,2d1acb1174d8088876fb72e0a12a0781cab7d479,fe62dee029474d52346542845674529025594056
CROP.SOYBEAN.COMMERCIAL,2014,grain,42931.73967,bu,4121834a9baaea73c915c887530ce4634162c45e,726cce9d9800d792d1e0fbb83923ac4c6be4f668
CROP.CORN.COMMERCIAL,2015,grain,26552.37497,bu,f1ed159a2cabb9ff836d38b5f7192badaa2849a5,726cce9d9800d792d1e0fbb83923ac4c6be4f668
CROP.SOYBEAN.COMMERCIAL,2014,grain,35438.29049,bu,30f2912152467138c78c9fc93dd7c190ae7d134d,106e6791d0f181b391cde800e74fdc14d529dc0a
CROP.CORN.COMMERCIAL,2015,grain,65749.31948,bu,2dfb65e56a186dd05bd5028e00e9d2fc515ae9af,b3bd5efa1dbecf1a1a564b8bc6303c4a2c162fb1
CROP.CORN.COMMERCIAL,2015,grain,75866.7051,bu,5515725bb6b49404609a487ad7c78a6756d06c25,fe62dee029474d52346542845674529025594056
CROP.CORN.COMMERCIAL,2017,grain,54513.15529,bu,9a3308fd26e1210e145b334b1c3e170f34e567e3,fe62dee029474d52346542845674529025594056
CROP.CORN.COMMERCIAL,2015,grain,63695.2392,bu,fcd0248878ee8a137d57a8dc8f480436804e2189,598d17ec200eeb9e27ae829746ccf47c57761bc1
CROP.CORN.COMMERCIAL,2017,grain,86784.25262,bu,f0cf77d67eafd85e0f9bdbbf7887c927dd09f75d,598d17ec200eeb9e27ae829746ccf47c57761bc1
CROP.CORN.COMMERCIAL,2017,grain,12022.98207,bu,5f0adb62b16572c53c2068b0110b484de2496df5,564e50b68ab1574426851440c6e42ae5022a5a74
CROP.SOYBEAN.COMMERCIAL,2015,grain,35372.14525,bu,d7dd22655ab1d0b6bcc57ac1f3d0dd8e4bee8cb7,0966e34316e39217e4f26fbe20fc14e24c26567b
CROP.CORN.COMMERCIAL,2014,grain,96547.36922,bu,c76cbddf578b63db97af9721a831b30f2d73db18,fe62dee029474d52346542845674529025594056
CROP.SOYBEAN.COMMERCIAL,2017,grain,9350.667761,bu,ed7e44f184a071a25c905e1ee9f73c6741e0bd01,598d17ec200eeb9e27ae829746ccf47c57761bc1
CROP.SOYBEAN.COMMERCIAL,2015,grain,21014.4869,bu,f5bdcea5be6419667141f4a83283645ed68d0890,0966e34316e39217e4f26fbe20fc14e24c26567b
CROP.CORN.COMMERCIAL,2015,grain,47118.75417,bu,a11ab706c2f1348764a6a67fd9928c5875c6e543,598d17ec200eeb9e27ae829746ccf47c57761bc1
CROP.CORN.COMMERCIAL,2014,grain,60366.64547,bu,0f6fc21fe4ea2504732646df3412362a0c3440e1,726cce9d9800d792d1e0fbb83923ac4c6be4f668
CROP.CORN.COMMERCIAL,2015,grain,86104.93249,bu,b578e6be1ede28c8999d8d0da70ab8a80bdbcd53,598d17ec200eeb9e27ae829746ccf47c57761bc1
CROP.CORN.COMMERCIAL,2016,grain,25602.60647,bu,4da7eb451613f4e33463ea474b2d24f51d0540ff,0966e34316e39217e4f26fbe20fc14e24c26567b
CROP.CORN.COMMERCIAL,2017,grain,134799.1031,bu,d8af4f1c279187449da52e16a27539c9ce1344d2,2498aa02bfe5084932147db868715faf88ffcb41
CROP.CORN.COMMERCIAL,2017,grain,91307.00379,bu,d2ed090d89a4a499a5bd4e849a343a12fe983c08,1d427ae4148dfebbd56f904a0de246fd89712cf0
CROP.CORN.COMMERCIAL,2017,grain,170897.7085,bu,9493472814cf7f3fd40c532c1976a6051387db0a,485482977cd1d502b0b51d03d22710ae857ba701
CROP.SOYBEAN.COMMERCIAL,2015,grain,2780.60283,bu,8901f562983ecebf44e9443be506c9f6269582e5,726cce9d9800d792d1e0fbb83923ac4c6be4f668
CROP.SOYBEAN.COMMERCIAL,2015,grain,22863.36888,bu,6a91478980fbdf4d9229ae3a1174e3f90c50c63e,598d17ec200eeb9e27ae829746ccf47c57761bc1
CROP.CORN.COMMERCIAL,2015,grain,44384.62889,bu,b1e493ac8a1760597dd7bd7c1e12541b43e7e51a,598d17ec200eeb9e27ae829746ccf47c57761bc1
CROP.SOYBEAN.COMMERCIAL,2015,grain,13821.72019,bu,ed6c2846f20f0ea61ef43a699483ca56fb22655d,598d17ec200eeb9e27ae829746ccf47c57761bc1
CROP.CORN.COMMERCIAL,2015,grain,73179.43842,bu,f6d743e9583b9fda6ca92a7ec90d57a9caf08376,598d17ec200eeb9e27ae829746ccf47c57761bc1
CROP.CORN.COMMERCIAL,2016,grain,53378.34767,bu,a17cec4433a71722240d5ab3d3287d96b3d23110,598d17ec200eeb9e27ae829746ccf47c57761bc1
CROP.CORN.COMMERCIAL,2015,grain,31573.75439,bu,a82b63774a05b3cee8f7afb82350f24e92176bd1,0966e34316e39217e4f26fbe20fc14e24c26567b
CROP.CORN.COMMERCIAL,2015,grain,125696.7292,bu,f0cf77d67eafd85e0f9bdbbf7887c927dd09f75d,598d17ec200eeb9e27ae829746ccf47c57761bc1
CROP.CORN.COMMERCIAL,2016,grain,73595.7128,bu,17ba0791499db908433b80f37c5fbc89b870084b,fe62dee029474d52346542845674529025594056
CROP.CORN.COMMERCIAL,2017,grain,24887.09565,bu,c76cbddf578b63db97af9721a831b30f2d73db18,fe62dee029474d52346542845674529025594056
CROP.SOYBEAN.COMMERCIAL,2015,grain,30585.246,bu,17fb6f731b1813591630f4d67c5f683e27b5cf07,106e6791d0f181b391cde800e74fdc14d529dc0a
CROP.CORN.COMMERCIAL,2016,grain,38089.0427,bu,cb0575a03b83d7234b74a8dbb1022b42ff17dcc6,598d17ec200eeb9e27ae829746ccf47c57761bc1
CROP.SOYBEAN.COMMERCIAL,2016,grain,8171.54726,bu,de5bf9fd04e342823175dba3e765c067b1e28edf,0966e34316e39217e4f26fbe20fc14e24c26567b
CROP.SOYBEAN.COMMERCIAL,2017,grain,7441.857462,bu,396eaf77e4048a0c54a12f5ccb988b0702d0e10c,598d17ec200eeb9e27ae829746ccf47c57761bc1
CROP.SOYBEAN.COMMERCIAL,2015,grain,45873.07254,bu,4121834a9baaea73c915c887530ce4634162c45e,726cce9d9800d792d1e0fbb83923ac4c6be4f668
CROP.CORN.COMMERCIAL,2015,grain,61618.19506,bu,6c72c2cb8ac35f84e4cab5d22a9eb3c2e5783e69,106e6791d0f181b391cde800e74fdc14d529dc0a
CROP.CORN.COMMERCIAL,2015,grain,20228.13574,bu,3b8adebd92084b14e88c1c002d1975ae15779e13,726cce9d9800d792d1e0fbb83923ac4c6be4f668
CROP.SOYBEAN.COMMERCIAL,2015,grain,26999.80831,bu,efefc9519f82ea868be1741749c399d235d34c2c,726cce9d9800d792d1e0fbb83923ac4c6be4f668
CROP.CORN.COMMERCIAL,2016,grain,40815.64463,bu,ed6c2846f20f0ea61ef43a699483ca56fb22655d,598d17ec200eeb9e27ae829746ccf47c57761bc1
CROP.CORN.COMMERCIAL,2015,grain,28609.09139,bu,ce8405c765887b5dfb9f167609ba8610c9a9cd2b,598d17ec200eeb9e27ae829746ccf47c57761bc1
CROP.SOYBEAN.COMMERCIAL,2017,grain,3926.622694,bu,9b0fcd935d456d6978fc129fdea6c77a39558462,fe62dee029474d52346542845674529025594056
CROP.SOYBEAN.COMMERCIAL,2015,grain,6626.889107,bu,6c6ce527973c4953e1c6294e3e45093a00b1a41b,598d17ec200eeb9e27ae829746ccf47c57761bc1
CROP.CORN.COMMERCIAL,2016,grain,49242.95097,bu,9dbaffe968f8b893078eefd7751f53bb2f71d6be,598d17ec200eeb9e27ae829746ccf47c57761bc1
CROP.CORN.COMMERCIAL,2015,grain,107057.2791,bu,daeab438051b9d0a654659b7f038f08b44c184af,598d17ec200eeb9e27ae829746ccf47c57761bc1
CROP.SOYBEAN.COMMERCIAL,2016,grain,32644.05332,bu,00ed44d041d6b0f8a538b2815fdb34b2dcee329c,598d17ec200eeb9e27ae829746ccf47c57761bc1
CROP.SOYBEAN.COMMERCIAL,2015,grain,47032.91846,bu,edc2c9424c71ce5c17039db8b06a8c1bb0f72026,106e6791d0f181b391cde800e74fdc14d529dc0a
CROP.SOYBEAN.COMMERCIAL,2015,grain,9110.33074,bu,69ae47efa7bdab571b94f716d988985f9159adf2,b3bd5efa1dbecf1a1a564b8bc6303c4a2c162fb1
CROP.CORN.COMMERCIAL,2016,grain,85311.596,bu,4ff655b60afc6850d2991df66301b3cddacedaa9,fe62dee029474d52346542845674529025594056
CROP.CORN.COMMERCIAL,2017,grain,109549.9349,bu,4acf2d77af0d2a23020b0e33416f0f911435b6fb,598d17ec200eeb9e27ae829746ccf47c57761bc1
CROP.CORN.COMMERCIAL,2015,grain,45007.90378,bu,94e7f1d73f150ff706c27b56dbc195585f90a1a4,fe62dee029474d52346542845674529025594056
CROP.CORN.COMMERCIAL,2016,grain,55566.38004,bu,bc023d81ccde0b0542f954f8087d3ca54478f189,ced5d63baaa0323be6503a0fa952c684ddce8745
CROP.CORN.COMMERCIAL,2017,grain,35400.559,bu,d8af4f1c279187449da52e16a27539c9ce1344d2,2498aa02bfe5084932147db868715faf88ffcb41
CROP.CORN.COMMERCIAL,2016,grain,107356.7477,bu,075041a114b9768612d10b7ea78b3d8cba71521c,598d17ec200eeb9e27ae829746ccf47c57761bc1
CROP.CORN.COMMERCIAL,2014,grain,2670.559113,bu,4f066ef6d07405fb98f7c15a1d8a080013863a9f,106e6791d0f181b391cde800e74fdc14d529dc0a
CROP.CORN.COMMERCIAL,2014,grain,111629.3193,bu,3b8ad599ef4028a067f4e67b3a649cc226e1a776,726cce9d9800d792d1e0fbb83923ac4c6be4f668
CROP.CORN.COMMERCIAL,2017,grain,85091.92188,bu,9f54f5fd07b24284fab1aa98ad6ac8e16cd07fa8,bb2187d34c27359e4e0c513ba47b0451c42907e9
CROP.SOYBEAN.COMMERCIAL,2015,grain,38559.03828,bu,5326c640348588b6c69ff9662ad0dfa6c2b1597f,0966e34316e39217e4f26fbe20fc14e24c26567b
CROP.CORN.COMMERCIAL,2017,grain,70197.149,bu,d86416f15046fe3e24bc4efecc70abfdee760f57,598d17ec200eeb9e27ae829746ccf47c57761bc1
CROP.CORN.COMMERCIAL,2016,grain,45397.01935,bu,2ddd1b7314344df9dfe64a2df07c15848174cd24,fe62dee029474d52346542845674529025594056
CROP.CORN.COMMERCIAL,2017,grain,65906.88061,bu,76b3404e1408425ecb16852172e5066e8bb82f1f,106e6791d0f181b391cde800e74fdc14d529dc0a
CROP.CORN.COMMERCIAL,2015,grain,55548.89919,bu,04aa2c573e5e029dc25c2a5ed84df869f5ef7ec6,106e6791d0f181b391cde800e74fdc14d529dc0a
CROP.SOYBEAN.COMMERCIAL,2017,grain,5077.833211,bu,50ed458ee581b7be7693e0e768d7c612cb4489f4,598d17ec200eeb9e27ae829746ccf47c57761bc1
CROP.SOYBEAN.COMMERCIAL,2017,grain,24716.5877,bu,478c6e58b93552db51e3f44f6727e5ca5d337b76,598d17ec200eeb9e27ae829746ccf47c57761bc1
CROP.CORN.COMMERCIAL,2017,grain,54412.25109,bu,b578e6be1ede28c8999d8d0da70ab8a80bdbcd53,598d17ec200eeb9e27ae829746ccf47c57761bc1
CROP.SOYBEAN.COMMERCIAL,2017,grain,32806.04191,bu,42352eb4d6f767b18afdd56d13f9abe653514d7d,598d17ec200eeb9e27ae829746ccf47c57761bc1
CROP.CORN.COMMERCIAL,2017,grain,16229.00805,bu,6c72c2cb8ac35f84e4cab5d22a9eb3c2e5783e69,106e6791d0f181b391cde800e74fdc14d529dc0a
CROP.CORN.COMMERCIAL,2016,grain,108455.6854,bu,930a31b273111ac76f4f8785152d93e799150f9c,598d17ec200eeb9e27ae829746ccf47c57761bc1
CROP.CORN.COMMERCIAL,2017,grain,37374.3645,bu,bfd5165a98f321707b4828d0261a9886a94077ae,7853306a8cfa951541aef8f4f8374ad845894a4a
CROP.SOYBEAN.COMMERCIAL,2015,grain,11680.23377,bu,50ed458ee581b7be7693e0e768d7c612cb4489f4,598d17ec200eeb9e27ae829746ccf47c57761bc1
CROP.CORN.COMMERCIAL,2017,grain,62010.09716,bu,b25ddb082807ff10842b24af3397decd61eb446b,598d17ec200eeb9e27ae829746ccf47c57761bc1
CROP.CORN.COMMERCIAL,2016,grain,84322.48046,bu,bae06f0e4203f21817bfde0a70762b443a3b39da,fe62dee029474d52346542845674529025594056
CROP.CORN.COMMERCIAL,2015,grain,11062.55592,bu,90c415b0c7b5ee9d3e769e8f5a5fe18537fe9e9b,598d17ec200eeb9e27ae829746ccf47c57761bc1
CROP.CORN.COMMERCIAL,2016,grain,66340.94383,bu,ed5925414c882633205cadfd0becc5481570a541,598d17ec200eeb9e27ae829746ccf47c57761bc1
CROP.CORN.COMMERCIAL,2015,grain,83878.70081,bu,69f0ae736d5424971548eeec0f9614036c2fc2eb,fe62dee029474d52346542845674529025594056
CROP.SOYBEAN.COMMERCIAL,2015,grain,28169.24513,bu,a60c51fe349de8f5028c0dca9b14bfe66ea9b53c,726cce9d9800d792d1e0fbb83923ac4c6be4f668
CROP.CORN.COMMERCIAL,2016,grain,28062.44768,bu,17ba0791499db908433b80f37c5fbc89b870084b,fe62dee029474d52346542845674529025594056
CROP.CORN.COMMERCIAL,2015,grain,62628.97708,bu,d64f46e52ae55b85c21ab96be025236df9687773,fe62dee029474d52346542845674529025594056
CROP.SOYBEAN.COMMERCIAL,2016,grain,35909.29273,bu,9713fdcb2ec5f9923f9aa99557a4deb89a994cde,598d17ec200eeb9e27ae829746ccf47c57761bc1
CROP.CORN.COMMERCIAL,2017,grain,16200.19105,bu,6a516d03f00c881822f76311f39a9237588d1f53,2498aa02bfe5084932147db868715faf88ffcb41
CROP.SOYBEAN.COMMERCIAL,2015,grain,7303.397076,bu,66ee7d7025154e3aaa2bd3fb6974d33293eaa8de,598d17ec200eeb9e27ae829746ccf47c57761bc1
CROP.CORN.COMMERCIAL,2015,grain,47420.05971,bu,dbc1127227c9b346ac662dc0e5d81e36bc32ea72,fe62dee029474d52346542845674529025594056
CROP.CORN.COMMERCIAL,2016,grain,56163.99645,bu,d680800b4acc327425bf24f52e992aaffa610600,598d17ec200eeb9e27ae829746ccf47c57761bc1
CROP.CORN.COMMERCIAL,2016,grain,18837.05633,bu,85829f5fe8238630a438305b7ffaf1880c478caa,fe62dee029474d52346542845674529025594056
CROP.CORN.COMMERCIAL,2017,grain,3246.007256,bu,930a31b273111ac76f4f8785152d93e799150f9c,598d17ec200eeb9e27ae829746ccf47c57761bc1
CROP.CORN.COMMERCIAL,2015,grain,61113.41661,bu,4acf2d77af0d2a23020b0e33416f0f911435b6fb,598d17ec200eeb9e27ae829746ccf47c57761bc1
CROP.SOYBEAN.COMMERCIAL,2017,grain,19772.32306,bu,32feca2bc2fd5dd3f92c0c9a3ccf1b388a991258,598d17ec200eeb9e27ae829746ccf47c57761bc1
CROP.SOYBEAN.COMMERCIAL,2017,grain,24324.58666,bu,77d920b08a99d1714a610a8dba95ac0c8a24363d,fe62dee029474d52346542845674529025594056
CROP.CORN.COMMERCIAL,2015,grain,42498.86441,bu,17ba0791499db908433b80f37c5fbc89b870084b,fe62dee029474d52346542845674529025594056
CROP.SOYBEAN.COMMERCIAL,2015,grain,34670.86274,bu,373b845a8eb362f8dd343300874f1cb424d3d62c,0966e34316e39217e4f26fbe20fc14e24c26567b
CROP.SOYBEAN.COMMERCIAL,2014,grain,48721.70027,bu,d1f129caa6ad88c0ca2b6b274dbb225c3aa3e5f8,fe62dee029474d52346542845674529025594056
CROP.CORN.COMMERCIAL,2017,grain,66970.64082,bu,1676133eae5c08cbe6c1454e9fe269b40aeabffa,b3bd5efa1dbecf1a1a564b8bc6303c4a2c162fb1
CROP.SOYBEAN.COMMERCIAL,2015,grain,16376.51465,bu,a75d5706275a773d0c4a4697783e9a8421a06844,726cce9d9800d792d1e0fbb83923ac4c6be4f668
CROP.SOYBEAN.COMMERCIAL,2015,grain,32732.85537,bu,acae71f7ed099a11cb511918d1be78df470139c5,598d17ec200eeb9e27ae829746ccf47c57761bc1
CROP.CORN.COMMERCIAL,2016,grain,64926.86509,bu,b78223432b759dedd332a6662cc614ef3e15b896,598d17ec200eeb9e27ae829746ccf47c57761bc1
CROP.CORN.COMMERCIAL,2015,grain,12504.09756,bu,315645c27aa18fb735ae335b0e42692ac62e0558,726cce9d9800d792d1e0fbb83923ac4c6be4f668
CROP.CORN.COMMERCIAL,2016,grain,36772.49712,bu,6c6ce527973c4953e1c6294e3e45093a00b1a41b,598d17ec200eeb9e27ae829746ccf47c57761bc1
CROP.CORN.COMMERCIAL,2015,grain,97456.34243,bu,3989f9b7ba74184fd9233017582c50be37d97daf,fe62dee029474d52346542845674529025594056
CROP.SOYBEAN.COMMERCIAL,2017,grain,13942.18191,bu,1769af5e396f1785e66f980a5bc21a4cd81e25f4,598d17ec200eeb9e27ae829746ccf47c57761bc1
CROP.SOYBEAN.COMMERCIAL,2017,grain,22016.88916,bu,82b82a533543b08859a0a428b7425feb32757d29,598d17ec200eeb9e27ae829746ccf47c57761bc1
CROP.CORN.COMMERCIAL,2015,grain,72316.89087,bu,f06c46fe892d3c5b6857fedb2e2d98404a7acbaf,726cce9d9800d792d1e0fbb83923ac4c6be4f668
CROP.SOYBEAN.COMMERCIAL,2015,grain,2234.174701,bu,62e2c677118c2b78f17c6ff57f42928173947564,0966e34316e39217e4f26fbe20fc14e24c26567b
CROP.SOYBEAN.COMMERCIAL,2017,grain,14235.8767,bu,84dfbd904feb88f18464430b17dafe47fe86ff36,598d17ec200eeb9e27ae829746ccf47c57761bc1
CROP.CORN.COMMERCIAL,2016,grain,71198.98145,bu,9e89b50c3732044c3426115d0ac17965ec85c3f1,2a880f4ff3ae665353219c9a52f4e982cdb433e2
CROP.CORN.COMMERCIAL,2017,grain,56455.08464,bu,17ba0791499db908433b80f37c5fbc89b870084b,fe62dee029474d52346542845674529025594056
CROP.CORN.COMMERCIAL,2015,grain,88871.18242,bu,d680800b4acc327425bf24f52e992aaffa610600,598d17ec200eeb9e27ae829746ccf47c57761bc1
CROP.SOYBEAN.COMMERCIAL,2016,grain,1729.459879,bu,aaeab87381522227199fe3d1a71e0741826abad2,106e6791d0f181b391cde800e74fdc14d529dc0a
CROP.CORN.COMMERCIAL,2017,grain,47242.1202,bu,9932ff9d5b3bd3b9cebc5136125ca0eeeab4fad5,598d17ec200eeb9e27ae829746ccf47c57761bc1
CROP.CORN.COMMERCIAL,2016,grain,54034.98252,bu,6efb4b2b07e734fb9ca207792856d073f41c67b2,fe62dee029474d52346542845674529025594056
CROP.CORN.COMMERCIAL,2016,grain,19673.54753,bu,66ee7d7025154e3aaa2bd3fb6974d33293eaa8de,598d17ec200eeb9e27ae829746ccf47c57761bc1
CROP.CORN.COMMERCIAL,2015,grain,65280.39995,bu,177980ee0fc6f8d942b7c218497a557ddeefeec7,726cce9d9800d792d1e0fbb83923ac4c6be4f668
CROP.CORN.COMMERCIAL,2016,grain,131682.2412,bu,ea2866287de4cc6380ed7f73d8e217917f160f2c,fe62dee029474d52346542845674529025594056
CROP.CORN.COMMERCIAL,2015,grain,3329.772239,bu,bacf71b3c5615b98c6c3e68de733bd3f8cf92f66,726cce9d9800d792d1e0fbb83923ac4c6be4f668
CROP.SOYBEAN.COMMERCIAL,2015,grain,17704.31725,bu,17ba0791499db908433b80f37c5fbc89b870084b,fe62dee029474d52346542845674529025594056
CROP.SOYBEAN.COMMERCIAL,2015,grain,13172.9518,bu,3cefe3116a46b3452eb5f5038af9487c9f6fa42a,598d17ec200eeb9e27ae829746ccf47c57761bc1
CROP.CORN.COMMERCIAL,2016,grain,1581.981978,bu,4d5b90ee18d570ec6b0dc27f64e44ee714b71d72,fe62dee029474d52346542845674529025594056
CROP.SOYBEAN.COMMERCIAL,2016,grain,12992.70641,bu,90d5d79a3c785a8be986cb246c27357c7c64e2eb,462c9ed4acd1c1b5ec3b130f3101b54cd5a66bfb
CROP.SOYBEAN.COMMERCIAL,2015,grain,17761.34189,bu,790456c61a24b82fdf2acd866fe9722919cb6358,726cce9d9800d792d1e0fbb83923ac4c6be4f668
CROP.SOYBEAN.COMMERCIAL,2015,grain,46483.46996,bu,8a6c9e8450dca9bcbb0587615af19832d8ef3569,598d17ec200eeb9e27ae829746ccf47c57761bc1
CROP.CORN.COMMERCIAL,2017,grain,11178.89515,bu,d8af4f1c279187449da52e16a27539c9ce1344d2,2498aa02bfe5084932147db868715faf88ffcb41
CROP.CORN.COMMERCIAL,2015,grain,46048.88893,bu,fa2e631ada6896a07feec8520cdee0e2c40b8f9c,fe62dee029474d52346542845674529025594056
CROP.SOYBEAN.COMMERCIAL,2015,grain,18682.15801,bu,bcb438d1acefc74f5223fe1d70ccb2353cc6c38f,726cce9d9800d792d1e0fbb83923ac4c6be4f668
CROP.CORN.COMMERCIAL,2017,grain,51709.63718,bu,ea6ea24d1488a59ea8c4d258cf8ecb4b7fc497b4,485482977cd1d502b0b51d03d22710ae857ba701
CROP.SOYBEAN.COMMERCIAL,2015,grain,5873.740129,bu,6a0a29666d8f8a14360dae95a0369dceb6561c6f,598d17ec200eeb9e27ae829746ccf47c57761bc1
CROP.CORN.COMMERCIAL,2015,grain,67490.45565,bu,a17cec4433a71722240d5ab3d3287d96b3d23110,598d17ec200eeb9e27ae829746ccf47c57761bc1
CROP.SOYBEAN.COMMERCIAL,2016,grain,13654.84776,bu,a11ab706c2f1348764a6a67fd9928c5875c6e543,598d17ec200eeb9e27ae829746ccf47c57761bc1
CROP.SOYBEAN.COMMERCIAL,2014,grain,33510.3342,bu,bcb438d1acefc74f5223fe1d70ccb2353cc6c38f,726cce9d9800d792d1e0fbb83923ac4c6be4f668
CROP.CORN.COMMERCIAL,2016,grain,40704.81472,bu,e9e1a8b54863aee1d2213377fc8d4ae93b4dfa96,462c9ed4acd1c1b5ec3b130f3101b54cd5a66bfb
CROP.CORN.COMMERCIAL,2014,grain,72532.86951,bu,0693c33638945a4ca51cc19c1bbc2adba2bd9dfc,ced5d63baaa0323be6503a0fa952c684ddce8745
CROP.CORN.COMMERCIAL,2015,grain,50091.0621,bu,d8bcc52defbf56e86d79dd3213d2dc422e7591b2,0966e34316e39217e4f26fbe20fc14e24c26567b
CROP.CORN.COMMERCIAL,2015,grain,72642.02775,bu,6c72c2cb8ac35f84e4cab5d22a9eb3c2e5783e69,106e6791d0f181b391cde800e74fdc14d529dc0a
CROP.CORN.COMMERCIAL,2017,grain,94698.3451,bu,d5f83dc39502efc6d373f7d8c17c991c95a97e21,7bdbf21b670c1107e808b2eb2032c11e69696e6b
CROP.CORN.COMMERCIAL,2016,grain,82975.7798,bu,84dfbd904feb88f18464430b17dafe47fe86ff36,598d17ec200eeb9e27ae829746ccf47c57761bc1
CROP.SOYBEAN.COMMERCIAL,2015,grain,190.1339895,bu,930a31b273111ac76f4f8785152d93e799150f9c,598d17ec200eeb9e27ae829746ccf47c57761bc1
CROP.CORN.COMMERCIAL,2014,grain,10892.15056,bu,55ecf1d7f43b08670298ae01a75d32b5bc4457bd,726cce9d9800d792d1e0fbb83923ac4c6be4f668
CROP.CORN.COMMERCIAL,2015,grain,160421.4754,bu,17ba0791499db908433b80f37c5fbc89b870084b,fe62dee029474d52346542845674529025594056
CROP.CORN.COMMERCIAL,2016,grain,36347.20947,bu,a5f1c14abfaa22de1b1d397763eb174677acd98b,ced5d63baaa0323be6503a0fa952c684ddce8745
CROP.CORN.COMMERCIAL,2015,grain,80549.58553,bu,8dd2c1528419d4fcf5c05853c23dbeecc8d5768e,0966e34316e39217e4f26fbe20fc14e24c26567b
CROP.CORN.COMMERCIAL,2017,grain,39688.00177,bu,2c342a569083239fa3d37087a91d7d13fe828b6d,fe62dee029474d52346542845674529025594056
CROP.CORN.COMMERCIAL,2015,grain,11599.07012,bu,d1170f65e62dbdbb6abfdb0b72c3039126c88169,0966e34316e39217e4f26fbe20fc14e24c26567b
CROP.SOYBEAN.COMMERCIAL,2017,grain,12482.61591,bu,b712ac1d4550a50dba54876abbfa22112c7e67fa,2ec53b20e3a9f6ff73d290ef3e8e8f30a2a30235
CROP.CORN.COMMERCIAL,2016,grain,70587.75298,bu,7981b99bc96ab8c08b57ada47d6cb88bfef1e945,fe62dee029474d52346542845674529025594056
CROP.SOYBEAN.COMMERCIAL,2017,grain,5925.181832,bu,e43e639b2f5771063d245e90900301ac1b8b9167,fe62dee029474d52346542845674529025594056